flow;avg;median;std;gini;herf;hoov;palm;thlt;thll;max;top01;top02;top05;top10;pc20;pc50;pc80
0;256.42;253.5;22.64781667;0.049323766;3.92E-05;0.035249201;3.930365297;0.003842869;-0.003800234;348;311.01;309;295.1;286;236;253.5;275.2
1;256.7;254;22.33808407;0.04843806;3.81E-05;0.034468251;4.043273938;0.003726316;-0.003680876;349;309.01;308;293.2;287;237.8;254;275.2
2;257.445;254;24.81162983;0.052693876;4.67E-05;0.037001593;3.905589124;0.004544689;-0.004471763;360;341.09;308.08;300.05;289;236.8;254;278.2
3;257.565;255;24.3352784;0.052577699;4.49E-05;0.037033661;4.00992411;0.004404819;-0.004367021;349;310.29;309.02;301.2;290;236;255;278
4;255.565;253;24.43411089;0.05282482;4.59E-05;0.037290318;4.122592295;0.004491797;-0.004437397;361;310.31;307.02;296.05;288.1;233.8;253;274.2
5;256.88;254;25.09772101;0.052695811;4.80E-05;0.036698069;3.936864325;0.004650522;-0.004558859;363;342.07;314.52;296;288;235.8;254;273
6;256.545;253;23.58236576;0.051551677;4.25E-05;0.03690376;4.05357849;0.004173369;-0.004138202;340;309.03;309;299.2;290;236;253;275
7;254.99;253;22.35844136;0.049753128;3.86E-05;0.035471195;3.994496855;0.003815496;-0.003798559;313;308.01;306.02;295.05;286.2;233.8;253;273
8;254.08;253;24.3609031;0.053463082;4.62E-05;0.037482683;4.007731959;0.004543567;-0.004511873;343;312.03;309.04;300.1;287.1;233;253;270.4
9;253.995;253;24.77750946;0.053497215;4.78E-05;0.0372153;4.007898894;0.004678319;-0.004624839;350;315.26;310.04;301;286.2;234;253;270.2
10;256.445;254;26.28244614;0.055811285;5.28E-05;0.039500673;3.923831506;0.005122249;-0.005027903;375;338.04;317.4;300;289.1;235;254;276
11;255.305;253;24.80024143;0.054144161;4.74E-05;0.03824553;4.064798251;0.004651461;-0.004606593;339;318.15;311.1;300.1;291;234;253;273.4
12;254.325;252;23.25939326;0.050607785;4.20E-05;0.035514106;3.919178345;0.004114912;-0.004068235;360;316.01;304.04;293.05;284.2;234.6;252;272.2
13;257.715;254;25.49615216;0.054554159;4.92E-05;0.038729216;3.832988138;0.004795977;-0.004725872;374;317.16;309.16;300.15;295;236;254;277
14;257.67;255.5;24.73703903;0.051774751;4.63E-05;0.035543525;3.894106464;0.004512663;-0.004446071;361;334.17;311.46;298.15;289.1;239;255.5;274.2
15;254.27;252;24.94748685;0.054184528;4.84E-05;0.038108507;3.984681016;0.004724672;-0.004661181;360;317.02;311.02;300;290;234;252;273.4
16;254.66;253;22.25161567;0.048247664;3.84E-05;0.033488573;4.063501484;0.003778933;-0.00375742;334;310.24;305;293.05;285;237.8;253;272
17;257.475;256.5;25.94955443;0.0553612;5.10E-05;0.038506166;4.007600858;0.004980559;-0.004913419;374;334.05;313.12;300.3;290;234;256.5;276
18;256.02;256;24.44973619;0.054123897;4.58E-05;0.038415749;3.904157044;0.004560646;-0.004579988;324;312.02;309.04;298.05;288.2;233.8;256;275.2
19;255.655;255.5;22.99317236;0.050557881;4.06E-05;0.035506835;3.9726081;0.004020903;-0.004012952;324;310.12;307.06;296;286.1;236;255.5;275
20;254.74;253;24.80367715;0.05249843;4.76E-05;0.036839915;4.062746646;0.004612278;-0.004516953;375;339.06;309.22;293.05;284;235;253;272
21;255.3;255.5;22.28654302;0.048388562;3.83E-05;0.033940462;3.882453475;0.003776853;-0.00375996;336;322.07;303.04;293;282.2;236.8;255.5;271
22;257.8;256;25.59179556;0.054224593;4.95E-05;0.037148953;3.852196575;0.00484272;-0.00478631;343;337.05;333;298.1;289.1;237.6;256;275
23;259.415;255.5;26.69462071;0.055474915;5.32E-05;0.038941175;3.84260132;0.005131488;-0.004998386;340;339;336.06;315.1;294.4;238;255.5;274.2
24;256.965;255.5;24.38470371;0.053059074;4.53E-05;0.037872084;4.021722265;0.004441155;-0.004399185;342;323.02;314.1;302;288;234.8;255.5;276.2
25;255.19;252;26.02506292;0.054385948;5.23E-05;0.037431326;3.703881701;0.005038579;-0.004912157;362;341.03;332.02;301.1;291;235;252;272
26;256.34;252.5;25.13969769;0.053304595;4.83E-05;0.037822813;4.093386774;0.004678229;-0.004576684;372;332.08;312.38;297.05;289.1;235;252.5;276.2
27;256.595;255;23.46829723;0.04984343;4.20E-05;0.034253493;3.920571429;0.004103672;-0.004046435;343;340;317.02;293.15;287;237;255;275
28;254.8;252.5;27.80791254;0.058874804;5.99E-05;0.040600471;3.91455635;0.005781403;-0.005652192;371;345.11;324.38;299.3;290.1;233;252.5;273
29;256.59;254;25.22264657;0.053034803;4.86E-05;0.036853736;4.126376928;0.004694894;-0.004589216;373;334.07;319.1;305.05;287.2;236;254;273
30;258.465;255;27.21100467;0.057782001;5.57E-05;0.040871201;3.827930645;0.005422396;-0.005336415;351;340;339;303.35;291.1;236.8;255;278
31;254.145;252;26.21648289;0.055787149;5.35E-05;0.039326959;3.795377678;0.005169431;-0.005056039;379;328.12;322.1;297.05;288.2;233;252;273
32;259.5;258;26.75929745;0.055346628;5.34E-05;0.03756262;3.85258216;0.005181769;-0.005085845;381;345.08;324.32;307;291;238;258;276
33;256.33;254;25.98790296;0.056485195;5.17E-05;0.039863457;4.021009228;0.005069173;-0.005025212;340;338;310.24;303.05;291.1;235;254;276
34;259.32;255;28.57512205;0.060119158;6.10E-05;0.042774179;4.05305561;0.005909399;-0.005787174;365;343.02;340.02;314.05;294;236;255;280
35;257.185;255;26.6827805;0.056974065;5.41E-05;0.039760581;3.757400856;0.005278867;-0.005206832;346;335.01;329.1;310.05;287.3;234.8;255;276
36;259.39;256;26.042617;0.0546033;5.07E-05;0.03792147;3.972962681;0.004931232;-0.004854054;363;340.12;336.02;303.2;293.1;238.8;256;277.2
37;252.43;252;23.56236618;0.051908846;4.38E-05;0.037048489;3.848473355;0.004287671;-0.004238507;342;321.01;310.14;293.1;280.1;232;252;271
38;259.92;256;26.97857669;0.05667994;5.41E-05;0.039165128;3.863406408;0.005268251;-0.005181925;362;336.07;335;306.1;297.2;237.8;256;277.2
39;260.39;259;25.85764684;0.056223933;4.96E-05;0.039993471;4.113667923;0.004906348;-0.004903358;334;321.1;315.04;306.05;297;238;259;282.2
40;262.52;258;27.63601997;0.056969374;5.57E-05;0.039927625;4.027011494;0.005385227;-0.00526458;373;340.08;336.04;318.15;298.1;241;258;282.2
41;257.07;254;28.19618946;0.058541837;6.05E-05;0.039955265;3.992760712;0.005838153;-0.005709256;382;342.01;336.04;310.25;291.2;235.8;254;274.2
42;259.57;254.5;28.20647266;0.058518126;5.93E-05;0.041430635;3.874167143;0.005718396;-0.005572391;361;343.17;335.08;315.25;297.1;237;254.5;277.2
43;259.395;257;26.58493888;0.056604696;5.28E-05;0.040599086;4.15859733;0.00512977;-0.005035752;355;341.03;333.16;301;293.1;235;257;282
44;258.095;259;26.39897678;0.056600186;5.26E-05;0.03933445;3.949384142;0.0051541;-0.005108002;373;325.07;313.24;303.15;292.2;234.8;259;277
45;258.975;258;23.71190366;0.049813785;4.21E-05;0.034162564;3.930571538;0.004146091;-0.004123923;347;333.13;313.06;299.1;288;240;258;274.2
46;258.535;252;30.29172783;0.064341869;6.90E-05;0.046174116;3.977179637;0.006696345;-0.00657757;363;345.14;341.02;313;298.1;235;252;281.2
47;260;256;24.82579304;0.052010962;4.58E-05;0.036807692;3.989978801;0.004449283;-0.004365156;360;335.16;322.1;299.05;293.1;239;256;277.2
48;258.605;255.5;27.18085677;0.057048491;5.55E-05;0.040733164;3.953058869;0.005361287;-0.005239019;379;355.1;322.3;298.1;289.3;235.8;255.5;280
49;260.03;259;24.62943564;0.052531631;4.51E-05;0.037344153;3.978382552;0.004420631;-0.004377154;349;327.18;322.04;301.15;289.1;237.8;259;278.2
50;259.755;256.5;26.70421268;0.056208639;5.31E-05;0.039359493;3.894366197;0.005160473;-0.005070257;379;337.04;326.22;303.1;295;237;256.5;281
51;257.965;255.5;25.18479253;0.053637412;4.79E-05;0.038012618;3.896940727;0.004666005;-0.004595183;378;316.29;312.06;301.05;288.1;236;255.5;278
52;260.045;257;24.44346487;0.051884385;4.44E-05;0.036357265;4.061292866;0.004350019;-0.004303886;344;335.02;326.14;300.05;290.2;239.8;257;279.2
53;255.95;253;28.82164985;0.062183434;6.37E-05;0.04349287;3.874571102;0.006207648;-0.006114222;352;335.05;327.14;311.15;298;234;253;276.2
54;257.57;254;25.56413699;0.055366114;4.95E-05;0.039131886;3.864496593;0.004852804;-0.004802813;341;323.09;320;306.05;292.1;237;254;277.2
55;259.44;257.5;26.70386489;0.05693166;5.32E-05;0.039779525;4.003681457;0.005202897;-0.005137209;345;337.07;326.14;311.15;293.1;236.8;257.5;279.2
56;257.68;255;26.10819029;0.05604917;5.16E-05;0.038654921;3.824538259;0.005061388;-0.005017246;344;333.08;312.32;307.05;294.1;235.8;255;278
57;259.355;256;28.09375331;0.058582156;5.90E-05;0.041463631;3.891048402;0.005688578;-0.005553452;379;352.1;333.04;308.05;294;236;256;279.2
58;260.35;255.5;26.24457087;0.055715191;5.11E-05;0.039445938;4.047942547;0.004992758;-0.004931117;351;334.07;325.08;307.05;293.1;239.8;255.5;280.4
59;256.605;253;25.87525797;0.056123322;5.11E-05;0.040216383;3.989976415;0.004984684;-0.004908207;338;327.04;325.02;303.05;295;234;253;274.2
60;260.315;255.5;27.38020772;0.056178956;5.56E-05;0.039437316;3.870555033;0.005361347;-0.005233411;376;359.01;334.28;305.1;295.1;240.8;255.5;279
61;257.475;255;25.08504285;0.052228857;4.77E-05;0.036241383;4.009986293;0.004609778;-0.004505944;376;336.13;318.24;300.2;284.3;236;255;275
62;257.015;255;24.3075045;0.052182071;4.49E-05;0.036509445;4.03793239;0.004401123;-0.004352365;349;331.03;321.04;295.25;287;234.8;255;276
63;260.115;255;26.17884212;0.056171982;5.09E-05;0.040796186;3.988852585;0.00498637;-0.004932911;363;318.15;316.04;306.05;295.1;238;255;281.2
64;257.73;255;27.41472415;0.056768711;5.69E-05;0.039888837;3.69878204;0.005464465;-0.005317332;379;351.1;343.14;299.05;290;234;255;275
65;258.76;257;24.26071722;0.051314925;4.42E-05;0.035801515;3.990994443;0.004295946;-0.004218492;359;325.13;318.04;302.05;293.1;238;257;275
66;257.605;256;26.07909076;0.056983851;5.15E-05;0.04084024;3.924971363;0.005054292;-0.005006743;341;329.03;315.08;303.1;293.2;233.8;256;279.2
67;257.205;255;27.38472156;0.057805933;5.70E-05;0.040196633;4.017452007;0.005525928;-0.005424564;377;343.07;325.16;302.4;289.2;234;255;277
68;256.745;254;24.42416785;0.053096944;4.55E-05;0.037449025;3.885601206;0.004488117;-0.004472041;327;322.05;313.08;302.1;290;236.8;254;277
69;259.425;256;25.44335621;0.054140021;4.83E-05;0.038134336;3.847143398;0.004710921;-0.004635047;341;333.05;321.08;311.1;293.3;237.8;256;277.2
70;259.97;257.5;26.13979916;0.055365234;5.08E-05;0.038980075;3.923744809;0.004951794;-0.0048778;364;333.26;326.12;302;293.1;237.8;257.5;278.2
71;261.115;259;26.75802263;0.058327844;5.28E-05;0.042413496;3.902840909;0.005230013;-0.00523156;331;321.07;316.06;309.15;297;237;259;284.2
72;255.85;252.5;25.29085803;0.054650186;4.91E-05;0.038687708;4.026279116;0.004798896;-0.004737305;351;320.18;316.06;302;291;234;252.5;276.2
73;259.05;256;23.67672908;0.051020073;4.20E-05;0.036452422;3.980159502;0.004123231;-0.004086709;341;314.21;312.02;300.05;292.2;240;256;278
74;257.065;256.5;24.06098034;0.050942855;4.40E-05;0.035071869;3.981492305;0.004294238;-0.004231506;345;332.11;318.16;300.1;285;237.8;256.5;274
75;256.425;254.5;25.80706056;0.055033148;5.09E-05;0.038661402;4.066071429;0.004941847;-0.004848431;362;333.08;317.16;302.05;290;234;254.5;274
76;256.69;252;26.16971341;0.054557832;5.22E-05;0.038411508;4.090676129;0.005027878;-0.004893347;360;343.03;335.12;300.35;290;236;252;274.2
77;258.5;254.5;24.64345755;0.053004642;4.57E-05;0.037640232;3.912119472;0.00446424;-0.004403903;333;329.02;318.2;308;291.1;237;254.5;278
78;259.595;258.5;26.69889464;0.057413567;5.32E-05;0.040530153;4.012606672;0.005218834;-0.005175537;351;324.05;322.02;314;294.1;236.8;258.5;278
79;258.29;257;22.80648811;0.049705564;3.92E-05;0.034969414;3.99033069;0.003893456;-0.003903652;318;315.02;309;296.1;290;239;257;277.2
80;259.22;256.5;27.18421601;0.056947188;5.53E-05;0.039571021;4.086502463;0.005350538;-0.005234496;353;338.06;331.1;315.1;298.3;236.8;256.5;275.4
81;259.945;257.5;26.01541802;0.053764354;5.03E-05;0.037100925;4.020019436;0.004873082;-0.004773452;380;344.07;330.14;300.05;291.1;241;257.5;278.2
82;260.71;254;27.45825741;0.057903801;5.57E-05;0.041555368;4.338250359;0.005414841;-0.005313204;349;341.01;335.06;311.2;299.1;237;254;283
83;259.625;255;24.94342348;0.053403852;4.64E-05;0.038892634;3.958969466;0.004545981;-0.004496746;335;326.02;322;307.05;294.1;239;255;280
84;258.345;257;24.09514422;0.051571639;4.37E-05;0.035777836;3.934207988;0.004291393;-0.004255371;363;315.18;309.08;298.05;290.1;239.8;257;276.4
85;261.455;257;28.1540046;0.059056912;5.83E-05;0.041570825;4.026456033;0.00567483;-0.005586383;343;341;339.02;314.35;297.3;240;257;282
86;258.005;255;26.3325839;0.054833724;5.23E-05;0.038285692;4.062317429;0.005051468;-0.004930661;379;344.01;324.08;306.1;290.2;236.8;255;276
87;260.2;258;25.54701548;0.054889124;4.84E-05;0.038489623;3.974504249;0.004772671;-0.004748064;348;320.04;318.04;308;293.1;238.8;258;279.2
88;258.765;257;25.76198313;0.056056557;4.98E-05;0.040549533;3.936097375;0.004901891;-0.004869608;341;328.01;316.16;303.25;296;235;257;277
89;257.83;255.5;24.86887814;0.054145367;4.68E-05;0.039098437;4.158686189;0.004616078;-0.004601678;341;323.17;306.3;295.1;291;237;255.5;278
90;257.01;252.5;26.34881212;0.056033034;5.28E-05;0.040117505;3.975868726;0.005126788;-0.005032482;376;342.02;311.42;301;290;236;252.5;278
91;259.09;256;25.45195277;0.055071018;4.85E-05;0.03941391;4.049253442;0.004755953;-0.004707726;346;321.13;315.12;305.1;292.1;238;256;280.6
92;260.25;254;25.71531645;0.055440154;4.91E-05;0.040638809;4.034789331;0.004805997;-0.004751215;359;316.04;315.02;302.05;297.1;237;254;283.4
93;258.815;254;27.15604491;0.057160037;5.53E-05;0.040672971;3.89725254;0.005362885;-0.005255588;360;337.21;335;306.15;294;236;254;279
94;260.62;258;24.9384362;0.053787507;4.60E-05;0.038745683;3.749315818;0.00451424;-0.004468592;340;325.15;317.06;302;294.1;237;258;283
95;257.775;253;28.35144397;0.058783338;6.08E-05;0.041630298;3.94322483;0.005829469;-0.005660064;386;359.03;328.28;303.1;294.2;235;253;275.2
96;259.03;255;26.58776222;0.05716307;5.29E-05;0.041239432;3.83422165;0.00518428;-0.005128321;355;341.03;315.14;302;292.2;236.8;255;284
97;260.45;258;26.34762798;0.056437704;5.14E-05;0.040364753;4.019615385;0.005039942;-0.004990208;372;325.04;316.12;307.05;294;238;258;282
98;258.17;256;23.20196328;0.050498896;4.06E-05;0.035571523;4.08972616;0.004005868;-0.003987948;316;314;311.02;301.05;294.1;237;256;275.4
99;259.55;257;25.04231419;0.052306299;4.68E-05;0.036628781;3.963883495;0.00454169;-0.004455518;354;340.01;334.08;300.2;287;238.8;257;276.2
100;259.95;256.5;24.67888774;0.052675322;4.53E-05;0.03762839;4.00974957;0.004420197;-0.004354266;361;324.02;316.02;303.1;294;239;256.5;281
101;257.72;254.5;25.70314378;0.054905324;5.00E-05;0.038728077;4.128935232;0.004866863;-0.004785865;348;337.07;316.08;305.15;294.1;238;254.5;276
102;260.515;259;26.35734765;0.056093027;5.14E-05;0.040162563;3.926695636;0.005019719;-0.004949093;360;339.17;325.1;304;294;236.8;259;280.2
103;258.015;254.5;27.73021412;0.058327326;5.80E-05;0.040766913;3.925588459;0.005627051;-0.005519117;379;340;328.16;308.15;291.3;237;254.5;279
104;259.655;256.5;25.45144348;0.053554428;4.83E-05;0.037595271;3.914631838;0.004697846;-0.004617949;353;339.02;325.2;309.25;290;238;256.5;278
105;255.98;255;23.8451169;0.052015978;4.36E-05;0.036662239;4.018203171;0.004292694;-0.004265861;338;329.02;307.14;295.05;284.1;235.8;255;276
106;259.88;257.5;26.43757931;0.055658188;5.20E-05;0.038841004;3.907344633;0.005069214;-0.004996196;375;333.04;321.2;307.05;293;239;257.5;277
107;262.465;261;23.11230787;0.049176557;3.90E-05;0.035029909;4.006675567;0.003858288;-0.003855333;336;329.02;315.06;300;293.2;243.8;261;280
108;259.68;256.5;26.32180845;0.056092113;5.16E-05;0.039795132;3.705417815;0.005052298;-0.004995438;351;340.02;320.34;303.15;290.2;237;256.5;280.2
109;259.705;257;28.44675685;0.061066691;6.03E-05;0.043829537;3.817420436;0.005892131;-0.005819282;355;346.05;325.04;310.15;298.1;235.8;257;282.2
110;257.595;257;24.59676757;0.052461519;4.58E-05;0.037339428;3.876954965;0.004464687;-0.004396283;359;331.28;310.12;298;288;235;257;277
111;260;257.5;27.47944686;0.057226923;5.61E-05;0.040384615;4.00077235;0.005445018;-0.005346655;377;356.06;315.74;305.1;290.5;237.8;257.5;279
112;261.11;261;24.11406021;0.051765348;4.29E-05;0.037057562;3.95391354;0.004227635;-0.004208849;344;330.03;318.02;299;293.1;239.8;261;281.4
113;259.51;257;26.57498636;0.057399137;5.27E-05;0.041166236;3.787371134;0.005168662;-0.005119062;344;335.06;326.06;302.1;292.1;236.8;257;282
114;261.64;256;29.70657166;0.060956276;6.48E-05;0.043794527;4.077159309;0.006230687;-0.006066718;379;358.18;341.2;317.05;298.1;237.8;256;287
115;258.79;254;24.36341314;0.051974188;4.45E-05;0.036922022;4.018167611;0.004350053;-0.0042886;352;321.12;313.14;302.05;295.1;239.8;254;278
116;259.18;257;25.71765153;0.055380624;4.95E-05;0.038961725;4.027928627;0.004864607;-0.004829522;342;321.19;315.06;306.1;296;239;257;278
117;261.405;258;25.96615056;0.055461162;4.96E-05;0.038923892;3.874255952;0.004891588;-0.004873498;343;327.02;322.02;308.1;293.2;240.8;258;284
118;261.255;257;28.76925399;0.058870931;6.09E-05;0.041316626;3.925644917;0.005865365;-0.005714274;370;359.07;344.28;311.05;299.2;239.8;257;282
119;257.055;256;25.50964474;0.055682928;4.95E-05;0.038861041;4.073535195;0.004887036;-0.004872683;334;316.14;315.02;302.05;291.1;236.8;256;277.2
120;257.87;255;25.92070794;0.055632877;5.08E-05;0.040065731;3.945405613;0.004967553;-0.004910819;358;333.06;323.02;298.05;291;235;255;277.2
121;260.11;255.5;26.33093048;0.05546538;5.15E-05;0.039679366;3.876480541;0.00499949;-0.004903551;363;335.06;333.02;304.3;295.1;238.8;255.5;281.2
122;258.64;255;25.76626477;0.0551765;4.99E-05;0.038946025;4.034770785;0.004863034;-0.004788157;355;324.17;318.06;303.2;294.2;237.8;255;279
123;261.185;257;26.85592625;0.056709708;5.31E-05;0.040486724;3.88977844;0.005169295;-0.005079433;351;340;328.18;314.1;297.2;239;257;281.2
124;262.715;259;24.33544277;0.052234075;4.31E-05;0.037777344;4.047996903;0.004250919;-0.004227826;335;327.01;317.02;307.05;295.2;241;259;284.2
125;261.6;259;25.9086858;0.055514335;4.93E-05;0.040099388;4.145659929;0.004837431;-0.00479241;342;337.01;323.08;304.3;295;237.8;259;283
126;258.68;254;24.85050503;0.053296351;4.64E-05;0.038307561;3.975043194;0.00452585;-0.004458847;361;318.12;314.06;302.05;296.2;237.8;254;277.4
127;260.7;256;26.81492122;0.056217491;5.32E-05;0.04000959;3.944380514;0.005149829;-0.005041823;380;328.14;324.02;313.05;299;238;256;279.2
128;256.945;254;24.21078221;0.052328027;4.46E-05;0.0373038;3.967748241;0.004364682;-0.004309151;332;328.02;312.24;303.05;289;237;254;275
129;263.91;264.5;23.29403142;0.049886514;3.91E-05;0.035509643;3.954554098;0.003887991;-0.003895036;332;316.04;313.02;304;296.1;243;264.5;283.2
130;261.165;256.5;27.42531267;0.058598491;5.54E-05;0.042437635;3.969737343;0.005420639;-0.00535443;349;326.12;323.02;315.05;302.2;238;256.5;284.2
131;258.02;256;22.18872687;0.047905201;3.72E-05;0.033431905;3.978454969;0.00367832;-0.003673294;320;317.02;312.02;297.2;285.1;240.8;256;275.2
132;257.95;256;25.58568936;0.054646249;4.94E-05;0.038726497;3.923782235;0.00482525;-0.004757957;355;337.02;315.36;301.1;291;237.8;256;276.2
133;260.295;258;26.35541643;0.056851361;5.15E-05;0.040558789;3.927362616;0.005100029;-0.005099386;337;330;324.04;305.15;293;240.8;258;282
134;260.41;257.5;27.28464587;0.058159825;5.52E-05;0.040726163;4.116883117;0.005400869;-0.005342376;353;333.09;327.02;307.15;299;237;257.5;280.2
135;259.155;257.5;25.97462175;0.055359052;5.05E-05;0.039231927;3.946666667;0.004918484;-0.004841981;374;329.06;317.02;303.2;296;235.8;257.5;280
136;258.185;254.5;26.16755195;0.055821698;5.16E-05;0.039217809;4.115136088;0.005034028;-0.004959543;351;334.06;321.24;308.15;294;236;254.5;278
137;259.18;255;26.69377456;0.056873601;5.33E-05;0.04029439;3.919298921;0.005206656;-0.005137129;341;331.02;328.04;316.1;289.2;238.8;255;279
138;262.035;257.5;26.39363133;0.055511382;5.10E-05;0.03968716;4.136096989;0.004967011;-0.004888234;361;340.02;328.12;314.05;296.1;240;257.5;282
139;258.38;257;23.38280565;0.050190417;4.12E-05;0.035364966;3.994927819;0.004041628;-0.004007217;357;316.07;308.16;300.1;289;238;257;276
140;257.675;257;24.67284692;0.053811681;4.61E-05;0.038229844;3.966929437;0.004549947;-0.004535184;334;316.1;315;302.05;291;237.8;257;276.2
141;259.39;258;23.89619007;0.051008327;4.26E-05;0.036045144;3.984083851;0.004179207;-0.004134696;354;324.08;320.04;302.05;289.1;239.8;258;277
142;259.39;257.5;26.97976835;0.056737538;5.44E-05;0.039479548;4.19431659;0.005292025;-0.005209291;362;347.02;326.34;308.05;292.2;239;257.5;277.2
143;260.04;257;25.89784547;0.05471389;4.98E-05;0.038537148;3.966608763;0.004869286;-0.004808407;370;326.18;319.08;310.1;291;237;257;277.2
144;263.64;257;27.26647025;0.055854764;5.38E-05;0.04033834;4.034047437;0.005177859;-0.005040968;377;343.18;336.1;312.15;301.2;241.8;257;283.2
145;258.885;258;22.93058602;0.049455067;3.94E-05;0.035346872;4.007163601;0.003887146;-0.00386841;352;317.2;303.06;294;288;239;258;277
146;259.64;257;26.16869122;0.055135765;5.10E-05;0.038148205;4.077569363;0.004980497;-0.004911019;359;331.12;326.08;305.05;295.1;240.8;257;276
147;259.235;256;25.61542065;0.054539221;4.91E-05;0.038769553;4.010597303;0.004778822;-0.004699831;352;334.03;319.14;310.05;293;238;256;277
148;260.67;257;27.49147322;0.058243373;5.59E-05;0.041285342;4.044573643;0.005445251;-0.005363285;380;340.01;315.34;308.15;295.3;237;257;282.2
149;263.8;264;26.57160138;0.055832828;5.10E-05;0.039298711;4.044364052;0.004993206;-0.004939911;354;340.03;333.12;311;295.2;240;264;284
150;261.435;258;26.66619161;0.056074454;5.23E-05;0.039338555;3.934034956;0.005099556;-0.005024413;356;335.05;323.06;314;297.3;241;258;282
151;262.87;261.5;24.84960965;0.053458744;4.49E-05;0.038091262;4.026656512;0.00442968;-0.004407907;331;324.01;317.08;308.05;296.1;241;261.5;282
152;259.29;256;25.73200148;0.055500983;4.95E-05;0.039408384;4.001534919;0.004853067;-0.004804165;345;320.19;315.08;309.05;295;237;256;281
153;259.815;256;24.0054322;0.05195822;4.29E-05;0.037653234;4.149011858;0.00423699;-0.004223035;336;325.1;313.02;298.05;290;239;256;279.2
154;263.115;259;23.46128247;0.04972664;4.00E-05;0.036170876;4.02567491;0.003912552;-0.003864756;344;325.15;317.04;305;295.1;242;259;283
155;259.59;257.5;24.46797703;0.052391463;4.46E-05;0.037122193;4.05483181;0.004371785;-0.004321681;351;328.12;318.06;299.05;290;240;257.5;279.2
156;260.15;258;22.87525956;0.04895272;3.89E-05;0.034173554;3.842875672;0.003840839;-0.003831641;327;322.04;319.04;302.1;286.2;241;258;279
157;261.295;259;26.17189284;0.05559186;5.04E-05;0.039295911;3.995149399;0.004946899;-0.004904544;357;340.05;324.2;304.05;293;238;259;282
158;260.385;259;25.88159143;0.05517839;4.96E-05;0.038551664;3.994016599;0.00489017;-0.0048666;357;330;327.02;303.1;292.1;238;259;278
159;260.405;257;25.91449353;0.05460043;4.98E-05;0.038255026;4.010808724;0.004838305;-0.004750563;363;327.02;324.04;314.1;297.1;238;257;279.2
160;256.895;255;25.39968455;0.054229257;4.91E-05;0.0379333;3.817041199;0.004782516;-0.004702699;345;337.03;317.14;303.15;292.2;235;255;274
161;261.595;257.5;27.02556151;0.057121791;5.36E-05;0.041159999;4.097429996;0.005226997;-0.005149572;382;328.24;324.08;306;296;240.8;257.5;285
162;261.425;259.5;24.33278395;0.052589557;4.35E-05;0.0373348;3.99923445;0.004299206;-0.004282739;329;322;321.02;301.35;293.2;240;259.5;284
163;260.365;256.5;25.78122912;0.055101588;4.93E-05;0.039286867;3.927726675;0.004824266;-0.00477018;360;327.06;317.12;308;295.1;239;256.5;281.2
164;261.745;259.5;26.54675074;0.055173642;5.17E-05;0.038791476;3.991191115;0.00502152;-0.004931338;366;338.14;331.08;307.35;294.1;240;259.5;278
165;259.315;256;24.61312201;0.0514439;4.53E-05;0.036073019;3.879242453;0.004393968;-0.004307406;357;326.18;322.06;306.1;291.2;240;256;277
166;261.64;257;26.72209573;0.055283978;5.24E-05;0.03895811;3.978451564;0.005079086;-0.004973002;357;341.14;331.04;316.05;301;241.8;257;277
167;263.575;259;27.35003428;0.057179456;5.41E-05;0.040500332;3.960934579;0.005267339;-0.005181621;372;336.17;324.08;312.1;300.3;241;259;284
168;258.64;256;26.2339551;0.055009666;5.17E-05;0.038754253;3.966173362;0.005010111;-0.004907793;360;330.26;327.02;314;291.1;237;256;275
169;260.03;256;24.99198071;0.053013114;4.64E-05;0.037256086;4.001538757;0.004530404;-0.004462308;338;321.04;319.04;314.1;295.3;240;256;276.2
170;258.795;257;21.36405802;0.046371935;3.42E-05;0.033070191;3.90306702;0.003391255;-0.003386567;331;315.05;306.02;294;285;241;257;277
171;258.785;253.5;26.27981688;0.055875244;5.18E-05;0.039540352;3.878937381;0.005046642;-0.00496372;342;333.09;328.02;308.25;294;238.8;253.5;279.2
172;262.58;256;27.51842292;0.057694988;5.52E-05;0.042068703;3.796292931;0.005372131;-0.00528374;360;346.1;330.12;309.05;299;240;256;285
173;261.885;257;27.93853566;0.060090593;5.72E-05;0.043728163;3.811164333;0.005600977;-0.005536961;342;334.04;322.04;315.05;302;237;257;286
174;257.65;257;22.77383367;0.049569959;3.93E-05;0.034903939;3.905617119;0.003897618;-0.003904356;317;316.01;308.08;297.1;287.2;240.8;257;277
175;262.735;263.5;24.13720727;0.051704284;4.24E-05;0.036539289;3.861986804;0.004194753;-0.004186059;339;320.03;311.12;307.05;297.1;241;263.5;280.4
176;261.745;257;24.98059197;0.054169612;4.58E-05;0.040157501;3.752662936;0.004514568;-0.00449095;340;315.01;313;305;298.1;239;257;285
177;263.705;259;26.13135999;0.0561255;4.93E-05;0.040697655;3.7521398;0.004881642;-0.004874058;335;330.01;321.02;309.05;299.1;242;259;285
178;261.195;257.5;28.9340107;0.060394629;6.17E-05;0.042539673;3.832095097;0.005977604;-0.005863034;372;357.02;341.02;314.05;294;236.8;257.5;282
179;260.88;258;25.21379781;0.053377415;4.69E-05;0.037410304;3.930758988;0.004596223;-0.004546404;361;336.05;320.1;303.1;293;240;258;281.2
180;262.955;258;25.57582794;0.053745413;4.75E-05;0.038465042;3.924995277;0.004638904;-0.004572603;379;325;316;309.15;299.1;243;258;285
181;261.95;257.5;26.14569754;0.054435007;5.01E-05;0.038752625;3.904567397;0.004857098;-0.004760814;358;339.14;332.08;307.05;295;241.8;257.5;283
182;261.745;259;25.18154036;0.053839901;4.65E-05;0.038557757;3.910083256;0.004560501;-0.004513485;357;324;321.04;304.15;293.1;238.8;259;284
183;262.09;262;26.73390918;0.057135717;5.23E-05;0.040695563;3.869743208;0.005148511;-0.005120819;347;339.03;322.18;306.1;295;237;262;283
184;258.76;256.5;22.28323136;0.047788298;3.73E-05;0.034240996;3.906600723;0.003655927;-0.003618297;335;321.1;316.04;298.05;285.1;238;256.5;275
185;262.925;261;26.98813397;0.057780641;5.29E-05;0.041113911;4.065846034;0.005213753;-0.005183823;344;334.01;325.08;313.05;299.2;239.8;261;282
186;260.885;257.5;24.974022;0.052810913;4.60E-05;0.037867451;3.851321176;0.004498621;-0.00443867;360;328.22;313.04;306;292;240;257.5;282
187;261.835;257.5;27.61988007;0.056934615;5.59E-05;0.039557737;3.848265628;0.005414654;-0.005303483;363;353.1;326.54;310.1;297.3;239.8;257.5;278.2
188;262.17;257.5;26.01905263;0.055094786;4.95E-05;0.039393333;3.795621781;0.004832117;-0.004763422;362;335.05;323.02;309.05;299;240;257.5;284
189;258.89;255;23.71176712;0.04946232;4.22E-05;0.034656804;3.89360498;0.004103603;-0.004035982;361;333;317.08;306.15;286.1;241;255;275
190;262.82;259.5;26.0880739;0.055773533;4.95E-05;0.04015562;3.839522059;0.004862359;-0.004819681;348;322.22;317.06;311.05;299.1;237;259.5;283
191;259.38;256.5;23.92270052;0.050955548;4.27E-05;0.036024366;4.013253938;0.004177213;-0.004120674;345;332.11;318.06;302.05;291.2;239;256.5;277
192;259.73;256;29.10080927;0.060333616;6.31E-05;0.04235379;4.244823386;0.00607961;-0.005932422;380;357.01;342.28;307.2;291.1;235;256;279
193;262.355;259.5;25.44089179;0.053438947;4.73E-05;0.037760668;4.06616944;0.004626753;-0.004576469;356;333.08;325.04;307.3;294;240.8;259.5;279
194;260.67;258;26.17691922;0.055252618;5.07E-05;0.039270917;4.060311284;0.004934362;-0.004854948;362;343.08;329.1;304.1;294.1;238;258;279.2
195;262.535;260.5;25.14455756;0.05351696;4.61E-05;0.037863618;3.959551842;0.004526306;-0.004486404;353;329.07;319.02;309.15;295.1;240;260.5;281.2
196;260.02;258;24.17663335;0.052150988;4.34E-05;0.036712561;3.98920586;0.004269559;-0.004232677;332;324.03;310.1;303.05;298;238;258;279.2
197;259.3;258.5;23.54824834;0.050866757;4.14E-05;0.035510991;4.100743349;0.004088914;-0.004070436;333;318.12;310;302;295;238.8;258.5;277
198;260.015;256;26.46516153;0.054979809;5.21E-05;0.038993616;3.973704415;0.005045786;-0.004945332;358;346.12;333.24;304.05;294;239;256;278.2
199;261.545;259;25.7386475;0.055329962;4.87E-05;0.039472557;3.858995738;0.004822035;-0.004824539;343;325.01;320.1;304.05;296.1;241;259;281.2
200;260.4;256;25.27726251;0.053193932;4.74E-05;0.037100614;4.083644952;0.004633879;-0.004579919;336;329.06;325.06;313.05;294.1;241.8;256;279
201;261.45;256;25.53854929;0.053980876;4.79E-05;0.03842226;4.044401168;0.004688885;-0.004630659;363;329.08;320.04;304.15;294.1;241.8;256;285.2
202;261.625;257;23.60856571;0.049436694;4.09E-05;0.035315337;4.020505941;0.003982515;-0.003911763;352;334.01;317.28;304.05;291.1;242.8;257;281.2
203;260.1;257;23.50659482;0.049790273;4.10E-05;0.03535371;3.955130632;0.004019177;-0.003973795;355;323.06;319.04;303.05;288;240;257;277.2
204;262.805;262;23.30165177;0.049804893;3.95E-05;0.035644775;4.11643026;0.003901417;-0.003886791;334;327;318.1;301;293;243;262;282.2
205;260.545;257.5;24.83944393;0.053477614;4.57E-05;0.038034697;3.927370031;0.004488639;-0.004451426;336;326.03;321.04;302.25;294.1;238.8;257.5;280.2
206;261.11;257.5;25.35483977;0.053671058;4.74E-05;0.038178545;4.150158479;0.00463336;-0.004575178;356;327.05;323.04;306.25;294.1;242;257.5;280.2
207;260;258;25.05314352;0.053435577;4.67E-05;0.037384615;3.97488408;0.004580885;-0.004542041;358;321.01;316.08;306;296.1;238;258;279
208;259.37;258.5;24.04315079;0.052246983;4.32E-05;0.037039172;3.888552507;0.004294418;-0.004310521;326;322.04;309.02;297.1;291;239.8;258.5;280.2
209;264.04;259;27.10642728;0.056333321;5.30E-05;0.039647781;3.979356061;0.005161214;-0.005081319;367;336;327.02;316.1;303;244;259;286
210;265.01;264;26.35924695;0.056231086;4.97E-05;0.039848496;3.963592233;0.004911708;-0.004897853;343;330.03;324.04;312;300.1;243;264;288
211;265.84;264;27.47224781;0.058840844;5.37E-05;0.042967951;4.00897364;0.005316023;-0.005315215;342;328.14;326.02;311.05;301;239;264;291
212;260.065;260;24.31215283;0.053185454;4.39E-05;0.038561417;4.265773991;0.004337692;-0.004320482;326;315.09;313.04;304.05;295.1;238.6;260;280.2
213;263.695;259.5;26.17712694;0.056257703;4.95E-05;0.041392044;4.136678201;0.004888239;-0.004869466;353;320.22;314.02;306.05;298.1;241;259.5;287
214;261.685;260;22.38047754;0.048437339;3.68E-05;0.034849628;4.056186261;0.003636563;-0.003627564;333;317.06;310.12;299;289.1;242;260;281.2
215;261.27;261;23.10534787;0.050022773;3.93E-05;0.036242393;3.739959655;0.003884949;-0.0038728;331;320.06;310.12;302.15;289.1;239;261;279.2
216;264.175;263;24.59012759;0.052078073;4.35E-05;0.037107031;4.006193149;0.004278389;-0.004243178;358;325.09;320.04;307.05;295.1;243;263;283.2
217;260.33;257.5;22.98567162;0.048990512;3.92E-05;0.03461568;3.909004197;0.003844855;-0.003807098;335;324.03;317.04;307;290.1;242;257.5;275.4
218;262.95;262;24.75333311;0.052393991;4.45E-05;0.036944286;4.134384236;0.004373919;-0.00433839;368;321.12;317.02;305;294.1;240;262;283
219;262.285;257.5;26.1065849;0.054928132;4.98E-05;0.039418476;3.827945205;0.00485155;-0.004773919;352;342.02;322.06;314.15;297.2;242;257.5;282.2
220;263.27;260;24.6817159;0.050956812;4.42E-05;0.035438333;3.854555639;0.004330237;-0.004291087;364;337.03;319.32;308.05;292;245;260;279
221;261.075;258;25.76178129;0.054291774;4.89E-05;0.038546395;3.912878788;0.004773404;-0.004704135;364;332.01;328.04;309;293;239;258;283
222;261.12;257;25.4274576;0.053838657;4.77E-05;0.038278186;3.74358511;0.004648025;-0.004575813;337;332.04;322.14;311.05;296.1;241;257;281
223;261.915;259;25.81235702;0.054685203;4.88E-05;0.03945593;3.972756716;0.00476707;-0.004701707;362;332.05;320.08;310.05;295;238;259;281
224;262.995;259.5;26.57583442;0.05634109;5.13E-05;0.040522824;3.887371375;0.00502626;-0.004972149;360;332.01;329.02;312;298.1;241;259.5;284
225;264.355;261;26.17286715;0.055434075;4.93E-05;0.039474381;4.131991484;0.004833737;-0.004787542;334;334;328.06;313.15;299.1;242.8;261;285.4
226;261.61;259;24.71938308;0.053495661;4.49E-05;0.038092963;4.033563483;0.00443425;-0.00442095;330;319.04;317;304;296;240;259;283.4
227;262.09;259;26.06553088;0.055706818;4.97E-05;0.039849098;3.960022629;0.004879365;-0.004836421;354;326.15;323.02;309.1;295;238.8;259;282
228;264.52;263.5;26.12163088;0.055488054;4.90E-05;0.038949796;3.918203838;0.00481421;-0.004772733;338;331.02;324.08;315.05;302.1;240.8;263.5;284.2
229;264.46;262;24.89374219;0.05303562;4.45E-05;0.038138471;4.024842347;0.004386477;-0.004360317;348;328.04;319.16;305.05;299;242;262;284
230;260.035;256;25.73662322;0.053096218;4.92E-05;0.037341608;3.99129257;0.004769081;-0.004677947;399;321.05;316.04;311.05;291.3;241.8;256;277.2
231;263.435;260.5;24.33219626;0.051529884;4.29E-05;0.036820848;3.975683891;0.004200841;-0.00415359;348;331.08;317.08;310.05;295.1;241.8;260.5;282.2
232;266.195;262;25.8402201;0.053086929;4.74E-05;0.037480512;3.979321908;0.004613003;-0.004538899;352;349.02;331.04;313.1;300.2;245;262;286
233;264.16;260;27.98239447;0.059025969;5.64E-05;0.042075257;4.004407819;0.005525612;-0.005469643;339;339;335;317.2;303.1;243;260;284
234;260.13;258;22.50362415;0.047148926;3.76E-05;0.032609849;3.931165621;0.00367174;-0.003621089;370;324.08;312.04;297.05;288;241.8;258;275.2
235;261.79;259.5;26.43815236;0.055985523;5.13E-05;0.039346614;4.085708708;0.005019439;-0.004966169;353;337.04;330.08;307.1;294.5;240.6;259.5;282.2
236;264.79;262;26.90995912;0.056137505;5.19E-05;0.039758488;3.897247706;0.005070974;-0.0050058;361;347.03;328.08;314.2;299;242.8;262;286
237;264.77;263;23.84611289;0.049965253;4.08E-05;0.03514522;3.963990998;0.004007988;-0.003977761;343;337.02;327.14;306.05;293.2;243;263;281.2
238;260.955;257;23.59370626;0.050468951;4.11E-05;0.035907532;4.062194406;0.004033804;-0.003996013;330;326.04;317.04;305.05;292.2;241;257;278.2
239;262.515;258;26.91003112;0.056205074;5.28E-05;0.040297507;4.165181224;0.005131592;-0.005039747;362;352.02;332.06;308.1;295.2;240.8;258;283
240;263.38;260;26.67462465;0.056459868;5.15E-05;0.040642797;3.96851887;0.005055295;-0.005009101;363;342.14;315.04;306.25;297.1;242;260;285.2
241;261.28;261;23.49918296;0.04910307;4.06E-05;0.034092927;4.085730949;0.003982198;-0.003939473;343;334.07;327.02;299.35;286.1;242;261;277
242;260.965;261;25.98352892;0.054859751;4.98E-05;0.038693599;4.075335799;0.00486421;-0.004800126;365;349.06;319;303.05;292.1;238.8;261;280
243;263.425;259.5;26.05137952;0.05481323;4.91E-05;0.039138749;3.953620985;0.004795812;-0.004725575;352;346.06;324.18;308;297.2;241.8;259.5;285
244;265.795;262;26.78400596;0.05683412;5.10E-05;0.041277018;3.813025979;0.005021659;-0.004987674;347;333.06;322.16;314.05;302.1;242;262;289.2
245;265.42;260;25.63364196;0.053021626;4.69E-05;0.037560847;3.960211201;0.004557889;-0.004473421;353;338.03;333.02;315.05;302.1;244;260;285.2
246;265.045;263;25.42779926;0.053052218;4.63E-05;0.037274897;4.091275168;0.004525855;-0.004471637;347;341.03;334.02;308.2;298.1;244.8;263;284
247;265.35;263;27.81667665;0.058036932;5.52E-05;0.040321274;4.146002317;0.005412547;-0.005360288;351;342.06;328.02;321.1;302.3;242;263;287.2
248;263.33;259;26.05266013;0.055874188;4.92E-05;0.040556716;3.961868446;0.004841733;-0.0048091;339;328.09;317.14;308;298.1;241;259;287.2
249;263.675;260.5;25.37379307;0.053282545;4.65E-05;0.037828766;4.055352681;0.004546297;-0.00448376;354;335.03;321.18;310.25;300.2;243;260.5;281
250;260.875;257.5;27.96353653;0.05865884;5.77E-05;0.0414207;3.953814121;0.005589271;-0.005466634;356;342.03;334.08;313.2;300;236.8;257.5;279.4
251;262.04;257;23.39633305;0.048790643;4.01E-05;0.034528316;3.890601783;0.003900301;-0.003832354;349;332.02;323.14;302.05;296;242.8;257;279
252;265.585;262;27.42631537;0.057970424;5.36E-05;0.041203287;4.091661852;0.00526127;-0.005215087;351;335.01;326.06;318;305.2;243;262;288
253;264.065;261;27.58442994;0.056528601;5.48E-05;0.039677257;4.193087008;0.005302002;-0.005187654;399;341.03;336.08;314.1;298;242;261;282.2
254;261.94;260;26.30126233;0.056330457;5.07E-05;0.040061846;3.953874883;0.0049756;-0.004932839;342;331.1;321.04;309;299;239;260;284
255;260.17;257.5;25.54958121;0.053480417;4.85E-05;0.037870047;3.837614851;0.004700287;-0.004606868;363;344.11;326.04;307.05;290.3;239.8;257.5;277
256;262.86;257;26.38712565;0.055213041;5.06E-05;0.039226204;4.092084942;0.004941131;-0.004868537;342;338.03;329.08;313.05;302.1;242;257;284
257;263.18;261;25.5334604;0.05476214;4.73E-05;0.038711528;4.035040431;0.004672582;-0.004658169;333;325.05;317.1;307.2;299;241;261;285.4
258;263.195;259;24.81586136;0.053054104;4.47E-05;0.038128289;4.219749652;0.004395378;-0.004362474;334;321.05;317.02;313;296;242.8;259;282.2
259;266.22;260.5;28.08579;0.058596462;5.59E-05;0.041775599;4.090231313;0.005450155;-0.005362834;350;342.06;337.04;323;302;241.8;260.5;290.2
260;264.755;260.5;25.95390096;0.054620404;4.83E-05;0.03936309;4.007183365;0.004727409;-0.004670968;343;332.01;329.02;317.05;299.2;242.8;260.5;285.2
261;263.11;261.5;26.51373041;0.055250276;5.10E-05;0.039178671;4.154365079;0.004962096;-0.004877393;379;339.14;326.08;309.05;297.2;240.8;261.5;281.2
262;263.05;261;23.41233649;0.050124501;3.98E-05;0.035758411;3.996554364;0.003936563;-0.003927049;344;318.03;310;302.05;296.1;244.8;261;283
263;262.31;260.5;25.55139722;0.054557585;4.77E-05;0.038279898;4.048714479;0.004696198;-0.004669379;337;333.01;327.04;309.05;296.2;240;260.5;282.2
264;261.16;259;25.88;0.055204281;4.93E-05;0.039387349;4.286345382;0.004825302;-0.004763208;345;332;326.1;308;295.1;239.8;259;281
265;264.585;262;26.75449074;0.055010961;5.14E-05;0.039157643;4.027386839;0.004977289;-0.00487944;406;336.01;327.1;307.05;296.1;242.8;262;287
266;264.375;261;28.62017427;0.059307707;5.89E-05;0.04163357;3.957865169;0.005750643;-0.005680144;365;347.11;334.08;320.05;299.2;242;261;284.6
267;263.17;259;26.64809749;0.055995934;5.15E-05;0.039886385;3.996722576;0.005031529;-0.004964056;365;343;327.12;310.1;298;240.8;259;285
268;263.39;262;25.75457047;0.054210486;4.80E-05;0.038459129;3.993310398;0.004708245;-0.004660804;353;353;316.22;305.05;294.1;242;262;285
269;265.875;265;26.68687646;0.055174894;5.06E-05;0.038603667;3.909929863;0.00494949;-0.00489137;370;340.22;334.1;307.25;298;243;265;285
270;265.05;263.5;23.55138;0.049625731;3.97E-05;0.034603848;4.034619003;0.003923594;-0.003915042;337;318;316.02;310.05;299;245.8;263.5;283
271;266.025;264;24.69118011;0.051824922;4.33E-05;0.037377596;3.988653555;0.004238252;-0.004187175;354;324.29;323.02;306.3;298.2;243;264;287.2
272;263.325;261;25.44168577;0.053579702;4.69E-05;0.037711953;4.088511137;0.004612039;-0.004580659;363;333.01;324.06;305.1;295;243.6;261;283
273;265.44;262.5;25.5122794;0.053733989;4.64E-05;0.038444846;3.862400592;0.004553075;-0.004506279;344;324.1;322;317;303.1;243.8;262.5;285.2
274;265.84;263;26.32364716;0.054710728;4.93E-05;0.038599157;4.031155589;0.004824292;-0.0047708;353;329.24;328;318.05;303;245.8;263;285
275;263.96;261;27.06359917;0.055575655;5.28E-05;0.038807395;4.024562072;0.005128241;-0.005035544;379;342.15;335.02;308.2;294;240.6;261;282.4
276;263.11;260;25.3359014;0.05241667;4.66E-05;0.037064916;3.819370282;0.004518846;-0.00443047;389;334.09;316.28;302.25;298;242;260;282
277;262.975;260;23.36416861;0.04973334;3.97E-05;0.035903603;4.024684379;0.003908223;-0.00388428;333;322.04;320.02;305.05;298;244;260;281
278;263.73;262;25.16996424;0.053530694;4.58E-05;0.037907329;4.043243243;0.004504805;-0.004474625;343;332;326;308.05;296;241.8;262;285.2
279;263.875;260;25.88724348;0.054542397;4.84E-05;0.039346281;3.962065728;0.004721598;-0.004653537;359;333.13;326.06;305.05;298;243;260;285
280;264.165;262;23.70311741;0.049585202;4.05E-05;0.034958927;4.136058452;0.003965768;-0.003923645;355;321.2;319.02;305.1;295.2;244;262;284.2
281;265.475;261;27.02497687;0.056722949;5.21E-05;0.040778793;4.006596306;0.005082298;-0.005007101;354;334.17;324.1;318;305.1;240.8;261;285.4
282;267.3;262;26.87042984;0.054436401;5.08E-05;0.038598952;4.149884704;0.004908521;-0.00479294;360;355.02;342.18;319.1;303.2;246;262;286.2
283;265.985;264;27.66197345;0.057889825;5.43E-05;0.040667331;4.056420973;0.005339107;-0.005301593;375;340.2;318.08;311;303;244;264;290
284;263.23;264;26.13153459;0.055556358;4.95E-05;0.03967139;4.019447092;0.004872968;-0.004842475;352;346.06;314.12;305.05;297.1;238.8;264;282
285;261.875;256.5;25.7441134;0.055265012;4.86E-05;0.040212411;4.223713198;0.00477541;-0.00473862;333;325.04;321;310.05;298;239.8;256.5;284
286;263.34;261;26.59275089;0.056509645;5.12E-05;0.040132908;4.110167856;0.005031574;-0.00498858;349;335.01;323.24;311.05;299.1;241.8;261;285.2
287;264.745;262.5;26.57103639;0.054987157;5.06E-05;0.038985156;4.010157148;0.004911985;-0.004814679;357;349.07;336.06;314.35;298;241.8;262.5;282.4
288;266.795;264;26.26562345;0.054296464;4.87E-05;0.037876741;4.161707883;0.00475943;-0.004698442;364;352.02;324.3;312.05;302;245.6;264;287
289;262.205;258.5;26.5496323;0.056135753;5.15E-05;0.039803684;4.023425499;0.005034077;-0.004968434;355;341.01;330.12;309;296.1;240;258.5;282.2
290;264.195;261;26.48427788;0.055298075;5.05E-05;0.039051647;4.005110733;0.004941533;-0.00488574;355;352;328.04;309.05;300;243;261;284.4
291;267.105;264;24.92215831;0.052760244;4.37E-05;0.038478314;4.190205681;0.004312164;-0.004287439;342;333.03;323.06;309.05;301;245;264;289
292;263.58;262;28.05287151;0.058369565;5.69E-05;0.040703771;4.197717883;0.005537342;-0.005444783;372;337.02;332.08;323;303;240.8;262;280.4
293;267.035;265.5;23.18175522;0.049053214;3.79E-05;0.034486397;3.932678042;0.00375894;-0.003762538;327;320.02;319.02;307;300;248;265.5;287
294;262.205;257;23.86342337;0.050542419;4.16E-05;0.036516466;4.192624559;0.004070164;-0.004015932;355;324.01;318.04;303.2;295.1;241;257;280.2
295;263.435;259;26.08708061;0.054626663;4.93E-05;0.038882267;4.040493637;0.004799666;-0.004719871;351;334.14;327.12;313.1;299.1;242.8;259;283.2
296;265.89;264.5;26.80499767;0.054643462;5.11E-05;0.038263568;3.964725962;0.004954887;-0.004865485;402;337.24;328.14;307.25;294.4;244;264.5;285.4
297;262.135;260.5;26.47974273;0.053895035;5.13E-05;0.037213363;4.058596762;0.004952768;-0.004837851;357;352.04;339.2;311.35;291;240.8;260.5;278.2
298;264.62;260;25.84599776;0.05515664;4.79E-05;0.04046973;3.982964225;0.004704443;-0.004656596;337;329.07;319.12;312.05;301.1;241.8;260;287.2
299;261;259;25.0049995;0.052844828;4.61E-05;0.036915709;4.121592469;0.004509821;-0.004453593;353;342.06;314.2;303;294.1;240.8;259;280.2
300;262.43;255.5;25.8450208;0.053895324;4.87E-05;0.039447853;4.107219722;0.004743456;-0.004661944;363;333.09;324.12;310;298;242;255.5;283.4
301;266.565;265.5;28.60726787;0.057106616;5.79E-05;0.039795735;3.954921112;0.005550409;-0.005393509;418;354.1;340.2;317.05;298.3;241;265.5;283.2
302;266.815;264;29.10310593;0.059229335;5.98E-05;0.041980492;3.893747674;0.005772526;-0.005646205;422;342.01;335.04;317.1;301.1;243;264;287.2
303;268.215;265;26.86072923;0.055503887;5.04E-05;0.039380907;4.110339506;0.004916573;-0.004844484;376;337.17;330.08;318.05;301.1;244;265;290
304;264.6;264.5;23.61524931;0.049950113;4.00E-05;0.034996221;4.050456969;0.003961273;-0.003955859;338;328.04;320.08;305.15;295;244;264.5;282
305;268.195;265;26.70293944;0.0552006;4.98E-05;0.038976211;4.036493604;0.004883151;-0.004834247;356;343.04;323.38;318.05;307.1;248;265;286.2
306;268.335;264;27.53330302;0.057403712;5.29E-05;0.040723722;3.931451613;0.005191133;-0.005142757;355;337.01;332.06;317.05;307.3;246;264;290
307;266.14;261.5;24.64224827;0.051642557;4.31E-05;0.036985797;4.01965602;0.004219442;-0.004169565;350;328.16;320.16;311.05;299.2;244.8;261.5;286.2
308;264.135;261;27.44297314;0.05735921;5.42E-05;0.040490374;4.006849315;0.005306266;-0.005245043;363;337.02;329.14;315.15;304.1;244;261;284.2
309;264.345;261.5;25.7003108;0.052829541;4.75E-05;0.037291608;4.10270793;0.004607396;-0.004516883;383;336.04;326.12;312;297;242;261.5;281.2
310;266.33;261;26.91024154;0.055597567;5.13E-05;0.040556453;4.099265398;0.004987904;-0.004896606;362;334.19;332.02;314.35;305.1;244.8;261;287
311;265.49;265;25.435603;0.053365287;4.61E-05;0.037505179;3.932699478;0.004529275;-0.004490416;354;341.01;322.32;307.05;299;243.8;265;286
312;268.075;267;28.60540814;0.059684883;5.72E-05;0.042152849;4.190891473;0.005610032;-0.005555207;341;340;338.02;324.05;309;243;267;288.4
313;266.55;264.5;26.74186792;0.05330951;5.06E-05;0.037292253;4.001679731;0.004862462;-0.004737287;422;337.06;331.1;313.1;298.1;245.8;264.5;286
314;265.955;264;25.29986117;0.053308924;4.55E-05;0.037455961;4.048295455;0.004460877;-0.004415187;348;332.01;323.12;313.05;301.4;242.8;264;286.2
315;265.065;262;23.58518126;0.04937968;3.98E-05;0.035154962;3.937974449;0.003890933;-0.003838767;350;327.15;318.04;305.15;297.1;243.8;262;286
316;262.865;257;28.35871603;0.059112757;5.85E-05;0.042043254;3.927590747;0.005677682;-0.005571381;368;346.04;343;313.05;302.1;240;257;285.2
317;267.835;265.5;27.91698005;0.057367876;5.46E-05;0.040335934;3.846964286;0.005337982;-0.005276741;363;356.02;339.26;317.05;302.1;243.8;265.5;287.2
318;265.56;262;28.42;0.05936455;5.76E-05;0.041564995;4.177760376;0.005621099;-0.005545851;350;341.02;335.06;323.05;307.1;242;262;287
319;264.34;259;29.0663792;0.05899826;6.08E-05;0.042037149;4.106153846;0.005851217;-0.005708918;402;364.16;326.06;315.05;301.1;241.8;259;284.2
320;264.14;262.5;27.61703098;0.058533354;5.49E-05;0.041608995;4.018336484;0.005384124;-0.005329481;348;343.01;336;313;300.2;241;262.5;286
321;263.805;264;24.19208497;0.050362673;4.23E-05;0.035819829;3.96907994;0.004132012;-0.004082978;383;332.04;315.06;302.05;291;241;264;283.2
322;266.06;263;27.62311351;0.057711606;5.42E-05;0.040737428;4.031279621;0.005308124;-0.005254585;348;340.01;332.14;321;302;243;263;287
323;266.99;262;25.84182463;0.053580846;4.71E-05;0.038482527;4.081842406;0.004609123;-0.004557876;365;343.14;322.04;308.2;300.2;246.8;262;289.4
324;265.685;262.5;26.8883948;0.057057888;5.15E-05;0.040919698;3.957601793;0.005052962;-0.005006321;346;331.05;326.08;314.1;304.1;241;262.5;288
325;268.705;264.5;28.07646657;0.058433505;5.49E-05;0.041431123;4.099304119;0.00537347;-0.005313458;343;341.02;335.1;326;308;245;264.5;297
326;264.675;262.5;24.9865839;0.053067819;4.48E-05;0.038013129;3.951652502;0.004418443;-0.004399167;339;330.02;325.06;307;297;243;262.5;286
327;264.965;262;25.70124073;0.053957409;4.73E-05;0.038274017;3.965730337;0.004629177;-0.00457576;360;330.05;324.06;313.05;300;242;262;284
328;268.06;266.5;25.42118015;0.052958666;4.52E-05;0.037780348;4.012023295;0.004430816;-0.004384172;353;338.01;333.04;307.5;300;246;266.5;288
329;264.6;261.5;26.11072577;0.054615457;4.89E-05;0.039104308;3.989019311;0.004781601;-0.004718446;353;336.16;328.04;312.2;302;243.8;261.5;284
330;267.83;264;26.09963793;0.053636635;4.77E-05;0.03809226;4.059754948;0.00464796;-0.004570018;349;347;334.02;319;304;246;264;290
331;265.275;261;26.29124141;0.053973518;4.94E-05;0.038088776;4.148469093;0.004785473;-0.004687945;375;342.05;336.04;312.05;298.1;243.8;261;284
332;265.89;261;29.32384525;0.056305803;6.11E-05;0.039960322;3.848722628;0.0057129;-0.005451539;485;332.24;322.02;310.2;298.1;242;261;287.2
333;265.38;263;26.14202747;0.054288756;4.88E-05;0.039062476;4.151020408;0.004767379;-0.004714571;398;328.1;315.04;306.1;297.1;242.8;263;288
334;262.925;261;25.09480773;0.05307854;4.58E-05;0.037354284;4.181552831;0.004485921;-0.004438687;364;329.03;321.04;305.3;295.1;241;261;282.2
335;263.56;258.5;24.27975288;0.050840416;4.26E-05;0.036589771;3.87093779;0.004148343;-0.004070562;348;334.03;323.12;309.1;300.1;241.8;258.5;283.2
336;265.86;263.5;25.2463938;0.053299105;4.53E-05;0.038425487;3.968938253;0.004454555;-0.004418593;343;333.07;322.1;310.05;301;242;263.5;287.2
337;264.82;263;26.11240318;0.055280568;4.89E-05;0.039273846;3.815924032;0.004791876;-0.004743328;346;329.15;324.1;314;299;242.8;263;284.2
338;268.26;265;26.79108807;0.053365392;5.01E-05;0.037238127;4.041204139;0.004822118;-0.004692809;398;335.41;332.06;315.1;307.2;246;265;284.2
339;267.37;263;26.26581619;0.053454015;4.85E-05;0.037647829;3.966441695;0.00471647;-0.004635326;370;348.11;330.2;317.05;302;246.8;263;287.2
340;270.265;265.5;30.93112955;0.061496957;6.58E-05;0.043508038;4.003711264;0.006323644;-0.006151041;399;381.04;342.06;328.05;311.1;245.8;265.5;291
341;262.15;260;25.17315038;0.053127027;4.63E-05;0.036773794;4.027734977;0.004552641;-0.004517298;346;332.06;324.04;310.05;296.1;240;260;279.2
342;266.12;266.5;23.95674435;0.050739892;4.07E-05;0.035566662;4.025738077;0.004059014;-0.004082061;334;320.06;316.06;307;296.2;247;266.5;285
343;263.61;262;24.37125151;0.052319335;4.30E-05;0.037639695;4.102787456;0.004251479;-0.004245209;335;322.08;316;306.1;295.1;240;262;282.2
344;262.82;261;25.30805405;0.053500114;4.66E-05;0.037708317;4.039312977;0.004558377;-0.004501827;354;336.04;323.02;309.05;296.1;240.8;261;281.2
345;266.17;260;28.24059312;0.057410677;5.66E-05;0.041265357;3.869349504;0.00545141;-0.005312155;383;345.32;340.08;315.15;305.2;243;260;287.2
346;264.78;261;23.44358334;0.04989123;3.94E-05;0.036170783;4.013579781;0.003882014;-0.003858136;347;321;318.02;305.05;296.1;244.8;261;286
347;270.31;267.5;25.53005875;0.05299064;4.48E-05;0.037286634;4.023916293;0.004414967;-0.004387693;342;334.01;331.04;316.15;306.2;249;267.5;290
348;265.835;262;26.61874856;0.052392744;5.04E-05;0.036668046;3.891797235;0.004814277;-0.004655975;398;360.06;339.3;311.05;299;247;262;283
349;263.875;262;24.66514494;0.052632591;4.39E-05;0.037764093;3.92994811;0.004327324;-0.004303702;353;322.06;318.04;304.15;298;242.8;262;285
350;266.38;262;26.44022693;0.054976913;4.95E-05;0.039570914;3.984071124;0.004839243;-0.004777214;358;343.09;328.3;309.05;301.2;244.8;262;287
351;269.36;266;26.04400891;0.054296109;4.70E-05;0.039395604;3.895014556;0.004621875;-0.004588768;349;334.03;331;317.1;306.1;248;266;289.2
352;265.855;263;27.08881642;0.055345301;5.22E-05;0.039001711;4.164500485;0.005059091;-0.004960285;378;354.01;340.22;311.05;300;244;263;285
353;265.745;262;27.13595355;0.056311219;5.24E-05;0.040220794;4.00857569;0.005100326;-0.005014633;371;336.09;331.02;315.2;303.3;244;262;288
354;267.55;265.5;26.3067957;0.054909176;4.86E-05;0.039242198;4.1;0.004757626;-0.004702894;349;340.02;337.02;312.05;304;245;265.5;286
355;269.43;266;27.6612563;0.056459192;5.30E-05;0.039965483;3.949753335;0.005160466;-0.005080796;373;351.11;335;320.25;308.1;244.8;266;289
356;264.22;261;26.89501069;0.055546514;5.21E-05;0.039177958;4.004718762;0.005052094;-0.004955009;375;332.31;326.04;317.2;297.1;242.6;261;283
357;265.785;262.5;25.94819406;0.054018944;4.79E-05;0.03830013;3.994042078;0.004676343;-0.004610747;370;335.05;328.06;315;300.1;243.8;262.5;288
358;264.9;258;25.45191545;0.054325406;4.64E-05;0.040449226;4.097128541;0.004555997;-0.004511473;331;321.06;317.06;310.05;305;242;258;289
359;268.365;265;27.83777604;0.056869841;5.41E-05;0.040227861;4.107703956;0.005275221;-0.005203466;366;356.09;339.3;315.15;301.1;247;265;289
360;263.905;261;26.80011147;0.054793107;5.18E-05;0.038777969;4.064391749;0.004999944;-0.004883933;409;334.14;325.16;310.05;296.1;242;261;284.2
361;268.11;264.5;27.48559441;0.057387826;5.28E-05;0.041156242;3.991942868;0.005185038;-0.00514142;359;348.03;329.18;318;301;245;264.5;292
362;266.64;262.5;23.60170333;0.050060194;3.94E-05;0.03609661;3.905042326;0.003884585;-0.003864386;333;324;317.12;310;299.2;246;262.5;288
363;265.3;261;24.66596846;0.050500942;4.34E-05;0.035116849;3.972600151;0.004229327;-0.004157541;353;337.08;329.14;312.2;296.7;248.6;261;281
364;269.09;263;29.80103857;0.060057044;6.16E-05;0.043207663;4.079316888;0.005937336;-0.005785024;390;357.16;353.02;321.05;307.1;244.8;263;292
365;267.15;262;26.63808364;0.055266891;5.00E-05;0.039829684;4.05027933;0.004871002;-0.004793745;350;340.07;332.1;319.15;306;242.8;262;286.2
366;265.28;264;28.81911865;0.060034869;5.93E-05;0.042399729;3.964312407;0.005803327;-0.005744661;383;356.02;326.04;314.15;302.3;241.8;264;285
367;269.03;265;30.09151209;0.059171654;6.29E-05;0.042193622;4.065111027;0.006001472;-0.005815662;430;341.71;333.14;320.1;303.1;245;265;290
368;268.86;264.5;27.21819979;0.056335639;5.15E-05;0.039928587;3.96273862;0.005032517;-0.004964563;352;347.05;333.04;317;308.1;245.8;264.5;291.2
369;268.49;265;26.51527673;0.055803382;4.90E-05;0.040288838;3.962765957;0.004827056;-0.004797725;351;334.09;324.04;318;305;245.8;265;293.2
370;274.845;272;28.36196353;0.056427896;5.35E-05;0.039205825;3.988882814;0.005210507;-0.00512899;393;357.01;339.08;332;308.1;252;272;295.2
371;265.27;261.5;27.47957605;0.0573985;5.39E-05;0.040943944;3.958842323;0.005261022;-0.005183638;345;343.01;334.06;325.1;303;242;261.5;288
372;267.41;265.5;27.80686786;0.057391085;5.43E-05;0.040815041;3.866073085;0.005298924;-0.005221405;357;352.03;335.26;317.35;304.1;242.8;265.5;286
373;269.15;265;26.5593204;0.055875163;4.89E-05;0.040352963;3.98213299;0.004820102;-0.004790295;340;337.02;323.06;318.1;306.2;245;265;292.2
374;267.91;266.5;26.54358491;0.055749505;4.93E-05;0.039633459;3.929087206;0.00484738;-0.0048076;352;330.1;327.06;319;300.3;243.8;266.5;289
375;264.18;262;25.72115083;0.053500265;4.76E-05;0.038016125;4.021110688;0.004639045;-0.00456249;356;340.14;323.22;312.1;295.1;243;262;283.2
376;267.5;260.5;28.58810942;0.059526168;5.74E-05;0.043168224;4.029144587;0.005599519;-0.005516122;349;346;337.1;321.05;310;242.8;260.5;291
377;268.61;266;27.43770945;0.055131417;5.24E-05;0.039180969;3.882374166;0.00506049;-0.004948161;424;344.1;323.08;312;301.1;246;266;290
378;266.41;263;26.06035111;0.05452986;4.81E-05;0.039200668;4.017685795;0.004705773;-0.004649118;361;338.06;326.12;313;301.1;244;263;287
379;270.61;266.5;28.76695848;0.059195891;5.68E-05;0.042151436;3.851551227;0.00556157;-0.005503648;362;350;348.04;321.05;305.1;246;266.5;293.2
380;271.41;268;29.39663076;0.060118087;5.90E-05;0.042682105;4.035538546;0.005749108;-0.005665342;379;346;344;327.05;309.1;246.8;268;295
381;270.08;266;27.17781448;0.056318128;5.09E-05;0.040011848;4.035955056;0.004998969;-0.004957368;350;334.02;328.08;322.05;311.2;247;266;292.2
382;271.14;266.5;27.60924483;0.055378587;5.21E-05;0.039470015;4.048425704;0.005043242;-0.004934451;390;353.16;337.08;324.05;305.2;248;266.5;292.2
383;266.065;265;24.55933173;0.051964088;4.28E-05;0.037393588;3.782491461;0.004213135;-0.004182083;346;328;321.02;311.2;298.1;244;265;285.2
384;267.165;261.5;27.046955;0.054661445;5.15E-05;0.039650497;3.978865406;0.004963256;-0.004834144;379;355.11;344.08;311.15;303;245;261.5;288
385;267.89;264;25.91038209;0.053381425;4.70E-05;0.037712681;4.024485981;0.004584529;-0.004512554;344;343;333.08;320.05;301.4;248;264;286.2
386;268.77;265;30.05207314;0.061751312;6.28E-05;0.043787997;3.695186226;0.006108175;-0.006003851;374;357.01;347.12;327;308.1;243;265;290.2
387;265.48;262;25.61170826;0.052224838;4.68E-05;0.036646828;3.975989495;0.004538868;-0.004451772;368;347.18;328.02;310.05;298;247;262;282
388;269.115;265.5;27.89035272;0.057179923;5.40E-05;0.040288631;3.974861368;0.005265506;-0.00519084;374;349;334.28;322.05;304;246;265.5;291.4
389;267.285;265;24.63643186;0.051636175;4.27E-05;0.036821183;3.921920821;0.004197358;-0.004163673;350;331.06;327.06;310;298.1;245;265;290.2
390;270.035;269;28.03468878;0.056558502;5.42E-05;0.039656156;3.872508529;0.005248577;-0.005141713;387;357.06;338.02;325;308.2;246;269;288
391;268.52;263;28.89739781;0.058840682;5.82E-05;0.041799494;4.131228604;0.005638081;-0.005521549;381;354.05;340.14;324.05;302.1;244.8;263;289
392;268.865;266;25.38595626;0.053188682;4.48E-05;0.038102393;3.98125;0.004405387;-0.004370249;353;331.09;316.1;314;304.3;246;266;292.2
393;271.285;269;28.36113141;0.058412832;5.49E-05;0.040941261;4.016402406;0.005377155;-0.005315926;357;345.01;343;327.05;312;248;269;295.2
394;266.985;263.5;26.8790769;0.055426803;5.09E-05;0.039334888;4.096063289;0.004948209;-0.004854407;362;347.06;337.14;313.3;304.1;242;263.5;287
395;268.77;264;28.49872102;0.057297317;5.65E-05;0.039868475;4.008477769;0.005476996;-0.005368714;371;353.08;351.02;326.05;307;245.8;264;288.2
396;272.595;269;27.21765925;0.053909921;5.01E-05;0.03835837;3.946692815;0.004838198;-0.004729035;417;351.05;344.06;315.05;305.1;250.8;269;292
397;268.38;267.5;24.6031624;0.051600156;4.22E-05;0.036338773;4.048152296;0.004173787;-0.004162187;350;329.05;320.14;313;299;245.8;267.5;290
398;270.675;268;24.93831139;0.052223053;4.27E-05;0.0379214;3.804213135;0.004212262;-0.004194848;347;324;322;316.1;306.1;249;268;292.4
399;267.92;266;27.13473051;0.055637317;5.15E-05;0.040152284;3.85504886;0.005015447;-0.004932527;382;338.26;335.04;315;301.1;245;266;289.2
400;269.865;263;30.03142979;0.061795805;6.22E-05;0.044670761;4.072580645;0.006056251;-0.005955695;374;358.1;335.12;322.15;312;244.8;263;298
401;270.6;270;28.01035523;0.057972284;5.38E-05;0.040849963;4.002031394;0.005284436;-0.005237601;364;340.1;333.02;322.15;307.2;246;270;294.2
402;268.195;265;24.65049645;0.051506087;4.25E-05;0.036660825;3.925932767;0.004174004;-0.004140652;343;335.05;330.04;309.1;299.1;247;265;289.2
403;267.94;264;25.33310877;0.051647011;4.49E-05;0.036788087;4.042976744;0.004363296;-0.004282232;387;334.17;329.06;310;303;246.8;264;288
404;270.33;265.5;28.15743419;0.056214627;5.45E-05;0.039284393;4.103969754;0.005273521;-0.005156025;371;354.12;348.06;326.25;310.2;249;265.5;288.2
405;268.44;264;26.83013977;0.054981374;5.02E-05;0.038662643;3.959860704;0.004891604;-0.004815078;376;341;333.04;320.15;302.3;246;264;288.2
406;273.555;270.5;30.73950187;0.062109722;6.35E-05;0.043737822;4.001472483;0.006176157;-0.006077789;373;365.01;351.26;332;312.2;246;270.5;299
407;269.415;267;24.95160867;0.05236132;4.31E-05;0.037496149;3.975258493;0.004250133;-0.004227177;346;334;323.06;311.05;306;245.8;267;290
408;270.08;268;26.00968281;0.054000666;4.66E-05;0.038293839;3.845744681;0.004592373;-0.004568063;357;336.03;326.14;317.1;306.1;247;268;290
409;268.63;269;23.55765481;0.049092246;3.86E-05;0.0347759;4.080806178;0.003827155;-0.003824373;348;331.06;320.08;305.1;298.1;250;269;288.2
410;270.25;265;27.05489789;0.056227012;5.04E-05;0.041086957;3.761637098;0.004935889;-0.004882356;361;340.06;333.12;319;305.1;247;265;292.2
411;268.405;264.5;25.94438234;0.053345597;4.70E-05;0.037639947;3.987781955;0.004586694;-0.004524462;354;343.05;342.02;316.1;301;248.8;264.5;287
412;270.65;266.5;28.27149625;0.057327545;5.48E-05;0.040714022;3.973722628;0.005320243;-0.005215451;369;354.1;341.16;327;306.5;246;266.5;292.2
413;268.93;265;28.51604987;0.057356003;5.65E-05;0.040515376;3.943455113;0.005462449;-0.005339257;364;360.03;350.14;322.3;302.1;246;265;289.2
414;273.47;270;28.49559791;0.058024646;5.46E-05;0.040894797;3.909627774;0.005340621;-0.005280852;385;337.01;335.04;326.05;315.1;249.8;270;296.2
415;271.085;268;27.23926899;0.055599627;5.07E-05;0.039289891;3.923159785;0.004948809;-0.004873967;359;352.02;337.06;326;311.1;248;268;290
416;269.86;264;32.13410027;0.059640925;7.13E-05;0.041966946;3.867345117;0.006613052;-0.006265142;497;361.12;348.14;322.35;300.2;246.8;264;291
417;267.67;265;26.0459421;0.053858482;4.76E-05;0.037839504;3.926342994;0.004652338;-0.004593276;353;342.09;334.04;316.2;301;245;265;287.2
418;275.6;272;28.97654224;0.057634797;5.55E-05;0.040439042;4.109094277;0.005396202;-0.005297381;386;351.16;346.04;336.1;314.1;252;272;295.2
419;267.57;264.5;29.0779143;0.059924319;5.93E-05;0.043267556;3.977399037;0.005766279;-0.005662608;370;347.13;346;322.1;302.3;242;264.5;289.2
420;272.125;268.5;28.72941654;0.057930455;5.60E-05;0.041228755;3.969085288;0.00543695;-0.005335153;391;352.14;345.12;322.05;312;249;268.5;293
421;274.08;270;30.55378209;0.061781232;6.24E-05;0.04436296;3.995991984;0.006070818;-0.005963274;374;356.03;353.02;337;313;246;270;296.4
422;270.28;267;27.58553244;0.056722473;5.23E-05;0.039894184;3.780056577;0.00512116;-0.005059845;363;345.01;335.18;324.1;309.1;247;267;291
423;273.095;267.5;30.23931175;0.060428148;6.16E-05;0.042719658;4.127390901;0.005959704;-0.005825426;365;360;353.06;334;320.1;247.8;267.5;294.2
424;274.09;271;29.1907845;0.056514648;5.70E-05;0.038908753;4.096827739;0.005481876;-0.005343252;426;362.13;354.06;328.05;306.1;251;271;292
425;268.825;265;25.40461326;0.053664931;4.49E-05;0.039004929;3.899202321;0.004430246;-0.004410613;335;325.08;323.02;314.05;305.2;246;265;292
426;272.355;268;31.30541447;0.061650695;6.64E-05;0.043503791;3.738394415;0.006358308;-0.006177741;451;346.06;341.02;328.05;313.2;246.8;268;294.4
427;270.61;266;27.66257219;0.056047633;5.25E-05;0.039324489;4.078913084;0.005106201;-0.005016996;376;347.14;338.08;323.1;307.1;246.8;266;290.2
428;269.355;263.5;27.17736144;0.055992742;5.12E-05;0.040147018;4.120400075;0.004996647;-0.00492731;357;344.01;335.02;321.05;305.1;246.8;263.5;290
429;276.99;274;30.47835133;0.059677064;6.08E-05;0.041245713;3.747620666;0.00591132;-0.005812828;395;369.07;359.04;335.15;313.1;252.8;274;295
430;271.91;269;27.91454639;0.057385348;5.30E-05;0.040795668;3.972340033;0.005193704;-0.005143204;354;342.12;341;327.15;309.3;247;269;293.2
431;272.155;268;30.48476628;0.060143209;6.30E-05;0.042092466;4.042596349;0.006060075;-0.005895217;397;362.28;355.06;330.05;313;247;268;293.2
432;268.725;265;27.58204806;0.055454926;5.29E-05;0.039231091;3.987053819;0.005097669;-0.004968895;420;338.11;324.24;316.05;306.2;245;265;290.2
433;271.175;270;27.27112713;0.055878031;5.08E-05;0.039077625;4.090414556;0.004976214;-0.004921113;363;341.22;337.06;320.1;306.1;245.8;270;291
434;269.325;267;27.35889937;0.056419103;5.19E-05;0.039960085;3.834809326;0.005072309;-0.005014534;393;332.1;328.02;314.05;307.1;246;267;291
435;273.635;272;29.255799;0.058847461;5.74E-05;0.041203519;4.064450223;0.005600906;-0.005525163;409;346.06;338.14;325.2;311.1;249;272;297
436;273.65;269.5;28.86931762;0.058846702;5.59E-05;0.042220903;4.030848329;0.005461575;-0.005385976;365;348.12;344.02;327;313;248;269.5;297.2
437;272.91;271;28.02591479;0.056350812;5.30E-05;0.039418673;3.853259904;0.005172896;-0.005106407;393;355.11;337.16;317.4;307.1;250.8;271;295.2
438;270.385;267;26.21329386;0.053340699;4.72E-05;0.037878396;3.817280453;0.004606328;-0.004538441;382;333.24;328.04;321;305.1;249;267;291
439;274.03;271.5;27.55120868;0.056053899;5.08E-05;0.039417217;3.933635539;0.005004962;-0.004982071;376;342.02;336.04;320.1;309.1;252.6;271.5;297
440;271.485;266.5;26.46563385;0.054082822;4.78E-05;0.038765217;4.027913076;0.004667797;-0.004606299;365;347.02;340.06;319.2;306.1;251;266.5;292.4
441;272.135;267;28.06682695;0.05786255;5.35E-05;0.041787899;4.028651163;0.005240246;-0.005185362;350;339.06;335.02;330;311;248.8;267;297.2
442;271.44;267;28.47273081;0.05710728;5.53E-05;0.039983053;4.051272593;0.005369884;-0.005272617;375;363.03;344.1;320;309;248;267;293
443;277.37;271;31.29909104;0.060404874;6.40E-05;0.04333814;3.917575541;0.006130354;-0.005946033;425;359.33;356.04;339.05;316.4;253.8;271;301
444;271.74;267;26.89149308;0.054298962;4.92E-05;0.039052035;3.87255251;0.004776419;-0.004682559;372;355.15;336.16;313.25;305.1;248;267;293.4
445;270.935;269;26.98945674;0.055549209;4.99E-05;0.039237732;4.070572819;0.004896524;-0.00485612;368;336.25;327.02;320.05;306.1;247;269;290.2
446;269.54;264;28.06952796;0.056936447;5.45E-05;0.040329821;3.966385011;0.005286004;-0.005181189;366;356.07;348.1;323.05;307.1;247;264;292
447;271.765;266.5;28.57690982;0.057348168;5.56E-05;0.040830681;3.910447761;0.005383181;-0.005270349;380;360.05;342.08;325.05;311.2;250;266.5;291.4
448;272.655;268.5;29.3391543;0.058540922;5.82E-05;0.041273863;3.937533753;0.005639565;-0.005530493;390;355.34;349.06;321.05;312;249;268.5;295
449;272.775;270;27.85488063;0.057182018;5.24E-05;0.040997159;4.053537647;0.00513551;-0.00508145;359;344.1;340.02;324.05;311;247;270;294.2
450;271.245;265;27.5253515;0.05640998;5.17E-05;0.040620933;3.849073574;0.005066129;-0.005007289;362;333.16;331.02;322.1;313;249;265;294.2
451;272.755;270;27.62453574;0.055519147;5.15E-05;0.03895529;3.998702021;0.005010707;-0.004919743;359;354.05;348.08;326.15;309.1;248.6;270;290.4
452;272.875;268;29.82766124;0.058204581;6.00E-05;0.041339899;4.01918509;0.005755347;-0.005583913;392;378.09;352.44;327.05;306.3;250;268;292
453;272.65;268;28.83569836;0.055405281;5.62E-05;0.038284431;4.000546249;0.00538082;-0.005211416;391;363.2;352.22;325.35;308.3;252;268;289.2
454;272.755;270;24.10611904;0.049924016;3.93E-05;0.035646276;3.916412008;0.003885906;-0.003880118;344;335.07;320;314.05;305;252.8;270;294.2
455;270.425;267;24.92156446;0.051659148;4.27E-05;0.037513174;3.95357406;0.004188248;-0.004146209;348;336.1;329.04;315.1;304;249;267;292
456;269.835;264.5;26.8954973;0.055037801;4.99E-05;0.039823966;4;0.004868561;-0.004795909;380;344.06;331.18;317.1;306.1;247.8;264.5;290
457;268.765;266;24.69189695;0.051393318;4.24E-05;0.036786505;3.972191324;0.004153102;-0.004102758;365;329.04;326.02;311;305;246.8;266;289
458;275.73;272.5;28.58648457;0.056649984;5.40E-05;0.04034454;3.856748836;0.005239949;-0.005139973;401;357.08;348.04;322.05;309.1;251;272.5;297.2
459;272.545;267.5;29.23025787;0.058182227;5.78E-05;0.041351703;3.696264118;0.005584939;-0.005459924;405;362.11;337.22;325.25;309.2;250;267.5;291
460;276.1;268.5;32.5924838;0.063351865;7.00E-05;0.045036219;4.058652624;0.006709409;-0.006507254;405;377.03;369.14;336.25;316.3;251;268.5;298.4
461;272.955;270;30.06032227;0.059781008;6.09E-05;0.042701911;4.078820475;0.005873954;-0.005735201;434;355.04;339.02;324.1;309.1;248;270;296
462;274.32;268.5;28.77286221;0.05777395;5.53E-05;0.041060805;3.799268165;0.005383578;-0.005295727;370;357.06;339.2;329;317.3;252.8;268.5;297.4
463;274.22;271;28.69218709;0.057343009;5.50E-05;0.040336226;3.938458794;0.005354365;-0.005269656;397;351.09;346.08;326.15;309.1;250.8;271;293.2
464;274.73;270;32.64976416;0.063648491;7.10E-05;0.044917373;3.982475158;0.006800048;-0.006611192;443;382.1;361.18;323.05;316.1;246.8;270;299
465;274.24;270;25.4863179;0.051342255;4.34E-05;0.03638346;3.958280885;0.004238703;-0.004178934;380;340.07;336.04;317.15;308.1;252.8;270;296.2
466;275.085;271;28.50469742;0.056100932;5.40E-05;0.039348929;4.141143393;0.005234569;-0.005137557;398;367.05;341.42;324.05;312;253;271;295.2
467;276.585;271;28.54212282;0.056835241;5.35E-05;0.040759441;3.902884788;0.005213973;-0.005134621;399;357.04;340.02;328;314.2;253.8;271;301.2
468;273.225;268.5;28.0628647;0.056761735;5.30E-05;0.040973099;4.04178273;0.005164248;-0.00507989;356;352.02;342.02;330.1;309.2;250;268.5;293
469;277.835;273;29.30354543;0.05665278;5.59E-05;0.039520309;3.806632743;0.005379021;-0.005235029;416;362.09;347.08;333.1;320.1;254;273;297.2
470;272.63;268.5;28.10058896;0.056384294;5.34E-05;0.039846495;3.908398331;0.005186751;-0.005092472;374;350.22;344.06;326.2;307.2;249;268.5;292
471;275.545;269.5;33.58925386;0.06249315;7.47E-05;0.043743762;3.997091438;0.006980878;-0.00666065;509;361.05;352.14;332.2;313.1;250.8;269.5;296.2
472;271.99;267.5;26.5213103;0.052598257;4.78E-05;0.037314607;3.879105016;0.004617355;-0.004509319;384;354.12;337.3;319.1;302.2;250.6;267.5;292
473;278.58;273;33.2313647;0.061806303;7.15E-05;0.042890732;3.902143359;0.006779753;-0.006526223;434;413.06;367.18;330.5;318;254.8;273;298
474;274.165;269;33.67131977;0.062698466;7.58E-05;0.043641147;3.876709895;0.00709435;-0.006761831;479;382.36;362.12;326.2;313.1;248;269;293
475;278.19;271.5;29.5366535;0.05931953;5.66E-05;0.04345681;3.825891312;0.00553385;-0.005457286;364;352.1;342.16;336.05;321;253.8;271.5;302.2
476;276.98;272.5;28.29239474;0.055208318;5.24E-05;0.038987653;3.813600697;0.005075174;-0.004967532;384;375.02;352.42;325.1;314.1;255.8;272.5;296.2
477;273.61;269;28.98047446;0.055512043;5.64E-05;0.038963305;3.836263541;0.005388217;-0.005218965;422;378.02;356.04;318.15;310;251;269;291.2
478;272.265;271;27.73201715;0.056914128;5.21E-05;0.040536885;3.908959798;0.005109175;-0.005057464;381;346.07;332.08;319.1;310.1;247.8;271;292.6
479;273.58;268;31.79172219;0.061470319;6.79E-05;0.043126325;3.838871025;0.006486165;-0.006288235;426;397.04;344.1;326.15;316.1;249.8;268;294
480;274.585;270.5;28.38384708;0.057555311;5.37E-05;0.041559991;3.89596603;0.005238959;-0.005163577;394;345.08;337.06;323;313.2;248.8;270.5;296.6
481;273.39;268;27.96297373;0.056491459;5.26E-05;0.040258239;3.861363232;0.005133835;-0.00506372;371;344.01;340.04;330.05;311.1;251;268;294
482;273.315;268;29.07379877;0.057390831;5.69E-05;0.04063489;3.79168123;0.005478272;-0.005338025;389;370.15;342.46;325.1;313.1;248;268;292.2
483;275.375;268.5;32.98748816;0.061652383;7.21E-05;0.042984567;3.987117552;0.006812465;-0.006533258;436;387.32;364.14;331.65;313.2;250.8;268.5;298
484;274.715;268;30.88695153;0.061927179;6.35E-05;0.044478733;3.701868678;0.006157595;-0.006033433;397;346.16;345;339;320.1;249.8;268;297.2
485;274.72;272;28.2331649;0.055997561;5.31E-05;0.03918608;4.018850659;0.005149105;-0.005049026;384;361.03;347.14;329.3;307.2;250;272;296
486;274.985;271;31.09959445;0.059100951;6.43E-05;0.041263705;4.040580789;0.006080961;-0.005853605;481;351;342.16;329.1;314.1;250;271;294
487;276.915;273;30.90708293;0.061173555;6.26E-05;0.043611036;3.945665773;0.006068643;-0.005947469;380;363.1;357.04;341.1;319;250.8;273;303
488;277.825;271.5;32.6785002;0.061751552;6.95E-05;0.043972825;3.838044044;0.006603532;-0.006353372;415;387.14;369.28;342.45;317;252.8;271.5;297.2
489;277.26;274;31.77030689;0.059503895;6.60E-05;0.040641997;4.185254491;0.006263724;-0.006034704;435;396.18;361.36;330.25;314;251;274;295.2
490;277.715;273.5;31.635957;0.062652449;6.52E-05;0.044738941;4.038994169;0.006323908;-0.006202117;384;376.01;362.18;339.05;316.3;250;273.5;301.4
491;272.655;268.5;30.75525931;0.060024298;6.39E-05;0.042789606;3.842690583;0.00610745;-0.005915341;423;381.31;330.32;321.1;311.1;245;268.5;297.2
492;274.13;269;28.7514017;0.057819465;5.53E-05;0.04128388;3.903416205;0.005386454;-0.005304327;377;353.16;352.02;329;310.2;251;269;297
493;271.43;268;27.80386844;0.055617102;5.27E-05;0.039039531;4.048680788;0.005124514;-0.005041489;414;342.13;337.02;313.25;304.1;251;268;296.2
494;275.13;270.5;29.20981171;0.058988115;5.66E-05;0.041988696;3.981454807;0.005532856;-0.005459882;370;354.14;349.08;325.25;314.2;251;270.5;299.2
495;272.45;268;27.01272848;0.054146449;4.94E-05;0.038210681;3.895162741;0.004790643;-0.004692243;376;358.04;335.02;325.05;312.2;250;268;292
496;274.805;272;31.83264009;0.058070723;6.74E-05;0.039922127;4.021335807;0.006288945;-0.005982668;491;390.09;353.06;322.25;310.1;252;272;291.4
497;274.865;271;29.52298723;0.057737526;5.80E-05;0.040913721;3.960770069;0.005591123;-0.005460282;411;380.04;353.04;319.1;310;252;271;296.2
498;277.445;273;29.52739364;0.059639658;5.69E-05;0.042908504;4.128762542;0.005564123;-0.005492729;371;363.02;344.2;329.05;317.4;251;273;301.2
499;275.305;270;28.92960378;0.058263108;5.55E-05;0.041780298;4.01623199;0.005407899;-0.005323336;374;355.06;339.28;330.15;318.2;252;270;297.2
500;277.605;274.5;29.40848475;0.059144738;5.64E-05;0.042130995;4.012423479;0.005506445;-0.005428195;359;352.05;349.04;336;321.1;251;274.5;301.2
501;277.885;274;30.82810041;0.059548284;6.18E-05;0.041546053;4.124540103;0.005948587;-0.005792482;420;365.23;350.3;336.1;318;253.8;274;299.2
502;276.535;272;28.31569838;0.056839912;5.27E-05;0.040644403;4.062142725;0.00516148;-0.005108715;380;357.07;343.1;325.15;312;254;272;299
503;278.935;274;29.66632392;0.05774598;5.68E-05;0.041440658;3.944808067;0.005490763;-0.005361987;392;368.1;364.06;335.2;316.1;253;274;300
504;276.87;273;29.13577011;0.05770181;5.56E-05;0.041878138;3.956714564;0.005397455;-0.005294184;404;371.14;337.1;324.05;314.1;252;273;300
505;277.935;272;32.92401517;0.065027704;7.05E-05;0.046550273;3.823405005;0.006817706;-0.006666349;392;374.09;366.04;337.2;325.2;250;272;304.2
506;280.49;279;28.31695429;0.0544244;5.12E-05;0.037878712;3.978723404;0.004947318;-0.00483545;416;366.24;346.28;329.15;312.2;257;279;300.2
507;277.53;272;34.33699317;0.059839116;7.69E-05;0.041921414;3.745469799;0.007014111;-0.006545145;528;401.21;360.18;328;309.1;252;272;295
508;277.905;276;29.03835352;0.056802774;5.49E-05;0.039217358;3.8918637;0.005324672;-0.005224696;388;368.08;352.1;336;317;255.8;276;296.2
509;279.825;275.5;31.03166729;0.060367819;6.18E-05;0.042571697;3.992911572;0.005977621;-0.00585005;402;378.05;370.14;330.1;318.1;255;275.5;302.4
510;278.325;273;34.20817702;0.063014372;7.59E-05;0.044404024;3.978390059;0.007130548;-0.006811507;448;435.01;350.16;343.05;316.3;252;273;297
511;277.455;272;28.45730091;0.054861059;5.29E-05;0.038759078;3.977580071;0.005086514;-0.004948231;385;376.07;357.28;328.25;310.6;255;272;297
512;273.375;269;28.91062737;0.055129675;5.62E-05;0.038644262;3.969635998;0.005344803;-0.005149247;417;364.36;354.12;321.15;309;250;269;291.2
513;278.12;273;30.05055074;0.059498598;5.87E-05;0.043022436;3.928457305;0.00569405;-0.005586248;389;373.07;356.06;330.1;315.2;253;273;300
514;279.745;274.5;29.51592748;0.058188618;5.59E-05;0.041817995;4.110690463;0.005437204;-0.005338903;392;354.1;353;333.2;318.1;255;274.5;302.4
515;274.18;271.5;26.75159061;0.053582136;4.78E-05;0.037771902;3.977285217;0.00466497;-0.004595857;382;351.09;334.34;322;310;251;271.5;295
516;279.195;274;30.43134856;0.058895485;5.97E-05;0.0417229;3.839074461;0.005754397;-0.005606268;400;364.06;360.06;333.15;321.2;256;274;302.4
517;278.445;274;29.55329043;0.057374077;5.66E-05;0.040465981;4.147249491;0.005465158;-0.005332516;379;375.02;364.04;332.05;321.2;255;274;298
518;277.8;274;27.77120811;0.054584953;5.02E-05;0.038833693;3.967121811;0.004868923;-0.004769245;383;367.11;346.28;328.15;313.2;254;274;301
519;276.85;273;29.86096951;0.057849738;5.85E-05;0.040448799;3.905468192;0.00562485;-0.005478625;426;356.03;352.06;332.1;317.2;252.8;273;295.2
520;275.79;269;29.47941485;0.055406287;5.74E-05;0.039476232;4.191534189;0.005430463;-0.005213513;452;368.32;340.52;322;309;251;269;299
521;278.395;276;30.0983218;0.060560445;5.87E-05;0.043133587;3.880758327;0.005774406;-0.005736411;370;362.03;352.16;330;319.1;252;276;302.2
522;276.745;271;32.89528804;0.062168151;7.10E-05;0.044073786;3.811143899;0.006724692;-0.006462496;455;369.26;358.14;344.05;318.2;252;271;294.2
523;277.01;273.5;28.69006623;0.056767987;5.39E-05;0.041047435;4.095658572;0.005230824;-0.00513235;410;349.18;343;330.1;308.1;252;273.5;298.2
524;277.72;272.5;31.67051626;0.062916787;6.53E-05;0.04499856;4.053245806;0.006354023;-0.006246158;388;368.03;353.16;333.25;322.1;251.8;272.5;300.8
525;278.285;272;32.26257546;0.061080277;6.75E-05;0.042965755;4.038672018;0.006428746;-0.006201404;430;381.24;367.14;341.2;314.3;251.8;272;299
526;278.385;272.5;30.5317339;0.0578272;6.04E-05;0.040782729;3.979595522;0.005779247;-0.005589901;393;377.05;370.14;339.35;320.2;254.8;272.5;295.4
527;278.825;273.5;32.41225656;0.061231507;6.79E-05;0.042895185;4.222036418;0.006467972;-0.006243152;434;371.31;366.02;341;322.1;254;273.5;299
528;275.59;269;31.03452755;0.061527994;6.37E-05;0.044190101;3.918850987;0.006156651;-0.006013146;375;370.03;363.04;335.15;315.1;250;269;298
529;274.335;270;30.6681068;0.061199173;6.28E-05;0.044389524;3.8592;0.006078739;-0.005949422;381;374.06;346.42;330.1;316;249;270;299
530;277.46;270;28.40560508;0.055781374;5.27E-05;0.040775968;3.898946617;0.005107644;-0.005004258;395;352.08;349.06;333.05;313.4;255;270;303
531;277.23;273;32.56251065;0.061501281;6.93E-05;0.043135303;3.996039604;0.006571375;-0.006324674;454;380.3;362.34;324.2;316.3;250.8;273;299
532;280.695;275.5;31.64951777;0.059063663;6.39E-05;0.041002512;3.89468196;0.006089965;-0.005880855;413;392.08;378.24;339.25;320.1;256;275.5;299.2
533;278.65;272;31.662083;0.057530414;6.49E-05;0.040456666;3.991024951;0.006062789;-0.005768761;495;367;354.26;340.1;313.2;257;272;296.2
534;277.535;274;29.42717749;0.057512296;5.65E-05;0.04009197;4.178798059;0.005476178;-0.005370378;397;380.01;353.18;331;311;253.6;274;299.2
535;280.92;278;29.95469245;0.05798003;5.71E-05;0.040499786;3.910214025;0.005528492;-0.005412065;423;359.01;355.04;334.55;318;255;278;304
536;277.355;272;32.15896415;0.056986083;6.76E-05;0.040129437;3.836638831;0.006200957;-0.005821671;525;353.37;346.08;326.45;315.1;255;272;298.2
537;279.07;273.5;30.95682639;0.061389257;6.18E-05;0.044400867;4.002357635;0.006015787;-0.005915319;393;364.12;346.26;334.1;322.1;253;273.5;305
538;279.925;274;31.6782161;0.061700723;6.44E-05;0.044772707;4.017798765;0.006211406;-0.006071343;440;351.28;346.08;336.05;322.1;252;274;303
539;282.515;277.5;33.89262125;0.062634639;7.23E-05;0.04420544;3.991394765;0.006834643;-0.006560655;469;395.31;358.18;340.3;323;254;277.5;308
540;280.2;273.5;34.63769623;0.067311028;7.68E-05;0.047498216;3.92165981;0.007421073;-0.007264343;402;390;379.02;347;322.1;255;273.5;304.2
541;278.71;273.5;31.23373016;0.061365757;6.31E-05;0.043743676;3.957817268;0.006106836;-0.005974572;398;361.17;354.12;339.2;321.2;252.8;273.5;303
542;280.615;277;32.91605649;0.061459384;6.91E-05;0.043203767;4.103329089;0.006551772;-0.006299337;451;400.02;377.36;328.15;321.1;252.8;277;303.2
543;278.69;278.5;28.08048967;0.055355054;5.10E-05;0.039398615;3.975392297;0.004957489;-0.004865142;377;361;358.04;335.05;316;255;278.5;297
544;279.95;273.5;33.90438762;0.062350241;7.37E-05;0.044222183;4.098945071;0.006937642;-0.006631427;447;402.32;385.06;333.05;321;255;273.5;302
545;280.705;276.5;30.60209102;0.060811083;5.97E-05;0.043847901;3.611009479;0.005848675;-0.005789081;394;364.16;349.16;327.05;321.1;254;276.5;309
546;279.3;272.5;31.50761813;0.061702828;6.39E-05;0.044006445;4.116885519;0.006182497;-0.006044016;396;369.23;354.06;341.05;321.4;253;272.5;301
547;278.56;275;30.24229489;0.056470778;5.92E-05;0.038357266;4.002001092;0.005660226;-0.005476802;408;369.24;366.06;341.2;318;256.8;275;295
548;282.095;275.5;31.38544209;0.061581116;6.22E-05;0.044416331;4.033774124;0.006046553;-0.0059388;387;365.16;351.1;344.05;328.1;256;275.5;306.2
549;280.385;276.5;28.52589657;0.056844785;5.20E-05;0.040853915;3.823346572;0.005084361;-0.005018155;387;354.04;345.16;331;318.1;256.8;276.5;304.2
550;282.555;277;34.60761441;0.065790996;7.54E-05;0.046243563;4.179088079;0.007223566;-0.007015631;437;394.09;373.12;351.05;327.1;254.8;277;307.2
